Copyright 1986-2020 Xilinx, Inc. All Rights Reserved.
-----------------------------------------------------------------------------------------------------------------------------------------------------------------------------------------------------
| Tool Version : Vivado v.2020.2 (win64) Build 3064766 Wed Nov 18 09:12:45 MST 2020
| Date         : Tue Sep  1 21:38:50 2026
| Host         : DESKTOP-7CFQ9ND running 64-bit major release  (build 9200)
| Command      : report_timing_summary -max_paths 10 -file video_path_timing_summary_routed.rpt -pb video_path_timing_summary_routed.pb -rpx video_path_timing_summary_routed.rpx -warn_on_violation
| Design       : video_path
| Device       : 7a35t-cpg236
| Speed File   : -1  PRODUCTION 1.23 2018-06-13
-----------------------------------------------------------------------------------------------------------------------------------------------------------------------------------------------------

Timing Summary Report

------------------------------------------------------------------------------------------------
| Timer Settings
| --------------
------------------------------------------------------------------------------------------------

  Enable Multi Corner Analysis               :  Yes
  Enable Pessimism Removal                   :  Yes
  Pessimism Removal Resolution               :  Nearest Common Node
  Enable Input Delay Default Clock           :  No
  Enable Preset / Clear Arcs                 :  No
  Disable Flight Delays                      :  No
  Ignore I/O Paths                           :  No
  Timing Early Launch at Borrowing Latches   :  No
  Borrow Time for Max Delay Exceptions       :  Yes
  Merge Timing Exceptions                    :  Yes

  Corner  Analyze    Analyze    
  Name    Max Paths  Min Paths  
  ------  ---------  ---------  
  Slow    Yes        Yes        
  Fast    Yes        Yes        



check_timing report

Table of Contents
-----------------
1. checking no_clock (93)
2. checking constant_clock (0)
3. checking pulse_width_clock (0)
4. checking unconstrained_internal_endpoints (829)
5. checking no_input_delay (19)
6. checking no_output_delay (20)
7. checking multiple_clock (0)
8. checking generated_clocks (0)
9. checking loops (0)
10. checking partial_input_delay (0)
11. checking partial_output_delay (0)
12. checking latch_loops (0)

1. checking no_clock (93)
-------------------------
 There are 93 register/latch pins with no clock driven by root clock pin: pclk (HIGH)


2. checking constant_clock (0)
------------------------------
 There are 0 register/latch pins with constant_clock.


3. checking pulse_width_clock (0)
---------------------------------
 There are 0 register/latch pins which need pulse_width check


4. checking unconstrained_internal_endpoints (829)
--------------------------------------------------
 There are 829 pins that are not constrained for maximum delay. (HIGH)

 There are 0 pins that are not constrained for maximum delay due to constant clock.


5. checking no_input_delay (19)
-------------------------------
 There are 19 input ports with no input delay specified. (HIGH)

 There are 0 input ports with no input delay but user has a false path constraint.


6. checking no_output_delay (20)
--------------------------------
 There are 20 ports with no output delay specified. (HIGH)

 There are 0 ports with no output delay but user has a false path constraint

 There are 0 ports with no output delay but with a timing clock defined on it or propagating through it


7. checking multiple_clock (0)
------------------------------
 There are 0 register/latch pins with multiple clocks.


8. checking generated_clocks (0)
--------------------------------
 There are 0 generated clocks that are not connected to a clock source.


9. checking loops (0)
---------------------
 There are 0 combinational loops in the design.


10. checking partial_input_delay (0)
------------------------------------
 There are 0 input ports with partial input delay specified.


11. checking partial_output_delay (0)
-------------------------------------
 There are 0 ports with partial output delay specified.


12. checking latch_loops (0)
----------------------------
 There are 0 combinational latch loops in the design through latch input



------------------------------------------------------------------------------------------------
| Design Timing Summary
| ---------------------
------------------------------------------------------------------------------------------------

    WNS(ns)      TNS(ns)  TNS Failing Endpoints  TNS Total Endpoints      WHS(ns)      THS(ns)  THS Failing Endpoints  THS Total Endpoints     WPWS(ns)     TPWS(ns)  TPWS Failing Endpoints  TPWS Total Endpoints  
    -------      -------  ---------------------  -------------------      -------      -------  ---------------------  -------------------     --------     --------  ----------------------  --------------------  
     -2.186      -29.313                     28                13017        0.040        0.000                      0                13017        4.020        0.000                       0                  6411  


Timing constraints are not met.


------------------------------------------------------------------------------------------------
| Clock Summary
| -------------
------------------------------------------------------------------------------------------------

Clock        Waveform(ns)       Period(ns)      Frequency(MHz)
-----        ------------       ----------      --------------
sys_clk_pin  {0.000 5.000}      10.000          100.000         


------------------------------------------------------------------------------------------------
| Intra Clock Table
| -----------------
------------------------------------------------------------------------------------------------

Clock             WNS(ns)      TNS(ns)  TNS Failing Endpoints  TNS Total Endpoints      WHS(ns)      THS(ns)  THS Failing Endpoints  THS Total Endpoints     WPWS(ns)     TPWS(ns)  TPWS Failing Endpoints  TPWS Total Endpoints  
-----             -------      -------  ---------------------  -------------------      -------      -------  ---------------------  -------------------     --------     --------  ----------------------  --------------------  
sys_clk_pin        -2.186      -29.313                     28                13017        0.040        0.000                      0                13017        4.020        0.000                       0                  6411  


------------------------------------------------------------------------------------------------
| Inter Clock Table
| -----------------
------------------------------------------------------------------------------------------------

From Clock    To Clock          WNS(ns)      TNS(ns)  TNS Failing Endpoints  TNS Total Endpoints      WHS(ns)      THS(ns)  THS Failing Endpoints  THS Total Endpoints  
----------    --------          -------      -------  ---------------------  -------------------      -------      -------  ---------------------  -------------------  


------------------------------------------------------------------------------------------------
| Other Path Groups Table
| -----------------------
------------------------------------------------------------------------------------------------

Path Group    From Clock    To Clock          WNS(ns)      TNS(ns)  TNS Failing Endpoints  TNS Total Endpoints      WHS(ns)      THS(ns)  THS Failing Endpoints  THS Total Endpoints  
----------    ----------    --------          -------      -------  ---------------------  -------------------      -------      -------  ---------------------  -------------------  


------------------------------------------------------------------------------------------------
| Timing Details
| --------------
------------------------------------------------------------------------------------------------


---------------------------------------------------------------------------------------------------
From Clock:  sys_clk_pin
  To Clock:  sys_clk_pin

Setup :           28  Failing Endpoints,  Worst Slack       -2.186ns,  Total Violation      -29.313ns
Hold  :            0  Failing Endpoints,  Worst Slack        0.040ns,  Total Violation        0.000ns
PW    :            0  Failing Endpoints,  Worst Slack        4.020ns,  Total Violation        0.000ns
---------------------------------------------------------------------------------------------------


Max Delay Paths
--------------------------------------------------------------------------------------
Slack (VIOLATED) :        -2.186ns  (required time - arrival time)
  Source:                 U_GAUSS_FILTER/sum_r_reg[2]_replica/C
                            (rising edge-triggered cell FDCE clocked by sys_clk_pin  {rise@0.000ns fall@5.000ns period=10.000ns})
  Destination:            U_GAUSS_FILTER/o_rgb_reg[10]/D
                            (rising edge-triggered cell FDCE clocked by sys_clk_pin  {rise@0.000ns fall@5.000ns period=10.000ns})
  Path Group:             sys_clk_pin
  Path Type:              Setup (Max at Slow Process Corner)
  Requirement:            10.000ns  (sys_clk_pin rise@10.000ns - sys_clk_pin rise@0.000ns)
  Data Path Delay:        12.072ns  (logic 5.201ns (43.082%)  route 6.871ns (56.918%))
  Logic Levels:           17  (CARRY4=9 LUT2=1 LUT3=3 LUT4=1 LUT5=1 LUT6=2)
  Clock Path Skew:        -0.107ns (DCD - SCD + CPR)
    Destination Clock Delay (DCD):    4.774ns = ( 14.774 - 10.000 ) 
    Source Clock Delay      (SCD):    5.069ns
    Clock Pessimism Removal (CPR):    0.188ns
  Clock Uncertainty:      0.035ns  ((TSJ^2 + TIJ^2)^1/2 + DJ) / 2 + PE
    Total System Jitter     (TSJ):    0.071ns
    Total Input Jitter      (TIJ):    0.000ns
    Discrete Jitter          (DJ):    0.000ns
    Phase Error              (PE):    0.000ns

    Location             Delay type                Incr(ns)  Path(ns)    Netlist Resource(s)
  -------------------------------------------------------------------    -------------------
                         (clock sys_clk_pin rise edge)
                                                      0.000     0.000 r  
    W5                                                0.000     0.000 r  clk (IN)
                         net (fo=0)                   0.000     0.000    clk
    W5                   IBUF (Prop_ibuf_I_O)         1.458     1.458 r  clk_IBUF_inst/O
                         net (fo=1, routed)           1.967     3.425    clk_IBUF
    BUFGCTRL_X0Y0        BUFG (Prop_bufg_I_O)         0.096     3.521 r  clk_IBUF_BUFG_inst/O
                         net (fo=6410, routed)        1.548     5.069    U_GAUSS_FILTER/clk_IBUF_BUFG
    SLICE_X39Y22         FDCE                                         r  U_GAUSS_FILTER/sum_r_reg[2]_replica/C
  -------------------------------------------------------------------    -------------------
    SLICE_X39Y22         FDCE (Prop_fdce_C_Q)         0.456     5.525 f  U_GAUSS_FILTER/sum_r_reg[2]_replica/Q
                         net (fo=16, routed)          0.661     6.187    U_GAUSS_FILTER/sum__0[2]_repN
    SLICE_X39Y21         LUT3 (Prop_lut3_I0_O)        0.124     6.311 r  U_GAUSS_FILTER/o_rgb[11]_i_203/O
                         net (fo=1, routed)           0.610     6.920    U_GAUSS_FILTER/o_rgb[11]_i_203_n_0
    SLICE_X36Y21         CARRY4 (Prop_carry4_DI[3]_CO[3])
                                                      0.385     7.305 r  U_GAUSS_FILTER/o_rgb_reg[11]_i_186/CO[3]
                         net (fo=1, routed)           0.000     7.305    U_GAUSS_FILTER/o_rgb_reg[11]_i_186_n_0
    SLICE_X36Y22         CARRY4 (Prop_carry4_CI_CO[3])
                                                      0.114     7.419 r  U_GAUSS_FILTER/o_rgb_reg[11]_i_146/CO[3]
                         net (fo=1, routed)           0.000     7.419    U_GAUSS_FILTER/o_rgb_reg[11]_i_146_n_0
    SLICE_X36Y23         CARRY4 (Prop_carry4_CI_CO[3])
                                                      0.114     7.533 r  U_GAUSS_FILTER/o_rgb_reg[11]_i_102/CO[3]
                         net (fo=1, routed)           0.000     7.533    U_GAUSS_FILTER/o_rgb_reg[11]_i_102_n_0
    SLICE_X36Y24         CARRY4 (Prop_carry4_CI_CO[0])
                                                      0.271     7.804 f  U_GAUSS_FILTER/o_rgb_reg[11]_i_59/CO[0]
                         net (fo=25, routed)          1.021     8.825    U_GAUSS_FILTER/sum_r_reg[8]_3[0]
    SLICE_X35Y26         LUT3 (Prop_lut3_I1_O)        0.399     9.224 r  U_GAUSS_FILTER/o_rgb[11]_i_63/O
                         net (fo=21, routed)          0.957    10.181    U_GAUSS_FILTER/o_rgb[11]_i_63_n_0
    SLICE_X35Y24         LUT4 (Prop_lut4_I0_O)        0.332    10.513 r  U_GAUSS_FILTER/o_rgb[11]_i_67/O
                         net (fo=1, routed)           0.000    10.513    U_GAUSS_FILTER/o_rgb[11]_i_67_n_0
    SLICE_X35Y24         CARRY4 (Prop_carry4_S[1]_CO[3])
                                                      0.550    11.063 r  U_GAUSS_FILTER/o_rgb_reg[11]_i_31/CO[3]
                         net (fo=1, routed)           0.009    11.072    U_GAUSS_FILTER/o_rgb_reg[11]_i_31_n_0
    SLICE_X35Y25         CARRY4 (Prop_carry4_CI_O[3])
                                                      0.313    11.385 f  U_GAUSS_FILTER/o_rgb_reg[11]_i_35/O[3]
                         net (fo=11, routed)          0.802    12.186    U_GAUSS_FILTER_n_85
    SLICE_X36Y26         LUT3 (Prop_lut3_I0_O)        0.306    12.492 r  o_rgb[11]_i_40/O
                         net (fo=1, routed)           0.344    12.837    o_rgb[11]_i_40_n_0
    SLICE_X34Y26         CARRY4 (Prop_carry4_DI[0]_CO[3])
                                                      0.550    13.387 r  o_rgb_reg[11]_i_14/CO[3]
                         net (fo=1, routed)           0.000    13.387    o_rgb_reg[11]_i_14_n_0
    SLICE_X34Y27         CARRY4 (Prop_carry4_CI_O[0])
                                                      0.219    13.606 r  o_rgb_reg[11]_i_4/O[0]
                         net (fo=11, routed)          0.661    14.267    U_GAUSS_FILTER/o_rgb_reg[8]_0[0]
    SLICE_X33Y26         LUT2 (Prop_lut2_I1_O)        0.295    14.562 r  U_GAUSS_FILTER/o_rgb[11]_i_17/O
                         net (fo=1, routed)           0.000    14.562    U_GAUSS_FILTER/o_rgb[11]_i_17_n_0
    SLICE_X33Y26         CARRY4 (Prop_carry4_S[3]_CO[3])
                                                      0.401    14.963 r  U_GAUSS_FILTER/o_rgb_reg[11]_i_5/CO[3]
                         net (fo=10, routed)          0.850    15.813    U_GAUSS_FILTER/o_rgb_reg[11]_i_5_n_0
    SLICE_X33Y27         LUT6 (Prop_lut6_I4_O)        0.124    15.937 r  U_GAUSS_FILTER/o_rgb[11]_i_12/O
                         net (fo=4, routed)           0.323    16.259    U_GAUSS_FILTER/o_rgb[11]_i_12_n_0
    SLICE_X31Y27         LUT5 (Prop_lut5_I4_O)        0.124    16.383 r  U_GAUSS_FILTER/o_rgb[11]_i_2_comp_2/O
                         net (fo=1, routed)           0.634    17.018    U_GAUSS_FILTER/o_rgb[11]_i_2_n_0_repN_2
    SLICE_X31Y28         LUT6 (Prop_lut6_I5_O)        0.124    17.142 r  U_GAUSS_FILTER/o_rgb[10]_i_1_comp/O
                         net (fo=1, routed)           0.000    17.142    U_GAUSS_FILTER/p_6_out[10]
    SLICE_X31Y28         FDCE                                         r  U_GAUSS_FILTER/o_rgb_reg[10]/D
  -------------------------------------------------------------------    -------------------

                         (clock sys_clk_pin rise edge)
                                                     10.000    10.000 r  
    W5                                                0.000    10.000 r  clk (IN)
                         net (fo=0)                   0.000    10.000    clk
    W5                   IBUF (Prop_ibuf_I_O)         1.388    11.388 r  clk_IBUF_inst/O
                         net (fo=1, routed)           1.862    13.250    clk_IBUF
    BUFGCTRL_X0Y0        BUFG (Prop_bufg_I_O)         0.091    13.341 r  clk_IBUF_BUFG_inst/O
                         net (fo=6410, routed)        1.433    14.774    U_GAUSS_FILTER/clk_IBUF_BUFG
    SLICE_X31Y28         FDCE                                         r  U_GAUSS_FILTER/o_rgb_reg[10]/C
                         clock pessimism              0.188    14.962    
                         clock uncertainty           -0.035    14.927    
    SLICE_X31Y28         FDCE (Setup_fdce_C_D)        0.029    14.956    U_GAUSS_FILTER/o_rgb_reg[10]
  -------------------------------------------------------------------
                         required time                         14.956    
                         arrival time                         -17.142    
  -------------------------------------------------------------------
                         slack                                 -2.186    

Slack (VIOLATED) :        -2.093ns  (required time - arrival time)
  Source:                 U_GAUSS_FILTER/sum_g_reg[2]_replica_1/C
                            (rising edge-triggered cell FDCE clocked by sys_clk_pin  {rise@0.000ns fall@5.000ns period=10.000ns})
  Destination:            U_GAUSS_FILTER/o_rgb_reg[5]/D
                            (rising edge-triggered cell FDCE clocked by sys_clk_pin  {rise@0.000ns fall@5.000ns period=10.000ns})
  Path Group:             sys_clk_pin
  Path Type:              Setup (Max at Slow Process Corner)
  Requirement:            10.000ns  (sys_clk_pin rise@10.000ns - sys_clk_pin rise@0.000ns)
  Data Path Delay:        12.055ns  (logic 5.029ns (41.719%)  route 7.026ns (58.281%))
  Logic Levels:           15  (CARRY4=7 LUT2=1 LUT3=2 LUT4=1 LUT5=1 LUT6=3)
  Clock Path Skew:        -0.035ns (DCD - SCD + CPR)
    Destination Clock Delay (DCD):    4.843ns = ( 14.843 - 10.000 ) 
    Source Clock Delay      (SCD):    5.151ns
    Clock Pessimism Removal (CPR):    0.273ns
  Clock Uncertainty:      0.035ns  ((TSJ^2 + TIJ^2)^1/2 + DJ) / 2 + PE
    Total System Jitter     (TSJ):    0.071ns
    Total Input Jitter      (TIJ):    0.000ns
    Discrete Jitter          (DJ):    0.000ns
    Phase Error              (PE):    0.000ns

    Location             Delay type                Incr(ns)  Path(ns)    Netlist Resource(s)
  -------------------------------------------------------------------    -------------------
                         (clock sys_clk_pin rise edge)
                                                      0.000     0.000 r  
    W5                                                0.000     0.000 r  clk (IN)
                         net (fo=0)                   0.000     0.000    clk
    W5                   IBUF (Prop_ibuf_I_O)         1.458     1.458 r  clk_IBUF_inst/O
                         net (fo=1, routed)           1.967     3.425    clk_IBUF
    BUFGCTRL_X0Y0        BUFG (Prop_bufg_I_O)         0.096     3.521 r  clk_IBUF_BUFG_inst/O
                         net (fo=6410, routed)        1.630     5.151    U_GAUSS_FILTER/clk_IBUF_BUFG
    SLICE_X5Y14          FDCE                                         r  U_GAUSS_FILTER/sum_g_reg[2]_replica_1/C
  -------------------------------------------------------------------    -------------------
    SLICE_X5Y14          FDCE (Prop_fdce_C_Q)         0.456     5.607 r  U_GAUSS_FILTER/sum_g_reg[2]_replica_1/Q
                         net (fo=15, routed)          0.728     6.335    U_GAUSS_FILTER/sum_g_reg_n_0_[2]_repN_1
    SLICE_X5Y14          LUT3 (Prop_lut3_I1_O)        0.124     6.459 r  U_GAUSS_FILTER/o_rgb[7]_i_190/O
                         net (fo=1, routed)           0.632     7.092    U_GAUSS_FILTER/o_rgb[7]_i_190_n_0
    SLICE_X4Y15          CARRY4 (Prop_carry4_DI[1]_CO[3])
                                                      0.507     7.599 r  U_GAUSS_FILTER/o_rgb_reg[7]_i_146/CO[3]
                         net (fo=1, routed)           0.000     7.599    U_GAUSS_FILTER/o_rgb_reg[7]_i_146_n_0
    SLICE_X4Y16          CARRY4 (Prop_carry4_CI_CO[3])
                                                      0.114     7.713 r  U_GAUSS_FILTER/o_rgb_reg[7]_i_102/CO[3]
                         net (fo=1, routed)           0.000     7.713    U_GAUSS_FILTER/o_rgb_reg[7]_i_102_n_0
    SLICE_X4Y17          CARRY4 (Prop_carry4_CI_CO[0])
                                                      0.271     7.984 f  U_GAUSS_FILTER/o_rgb_reg[7]_i_59/CO[0]
                         net (fo=25, routed)          1.062     9.045    U_GAUSS_FILTER/sum_g_reg[8]_3[0]
    SLICE_X5Y22          LUT3 (Prop_lut3_I1_O)        0.401     9.446 r  U_GAUSS_FILTER/o_rgb[7]_i_63/O
                         net (fo=21, routed)          0.675    10.122    U_GAUSS_FILTER/o_rgb[7]_i_63_n_0
    SLICE_X5Y20          LUT4 (Prop_lut4_I0_O)        0.332    10.454 r  U_GAUSS_FILTER/o_rgb[7]_i_67/O
                         net (fo=1, routed)           0.000    10.454    U_GAUSS_FILTER/o_rgb[7]_i_67_n_0
    SLICE_X5Y20          CARRY4 (Prop_carry4_S[1]_O[2])
                                                      0.580    11.034 r  U_GAUSS_FILTER/o_rgb_reg[7]_i_31/O[2]
                         net (fo=11, routed)          1.332    12.366    U_GAUSS_FILTER_n_127
    SLICE_X4Y23          LUT6 (Prop_lut6_I1_O)        0.302    12.668 r  o_rgb[7]_i_84/O
                         net (fo=1, routed)           0.000    12.668    o_rgb[7]_i_84_n_0
    SLICE_X4Y23          CARRY4 (Prop_carry4_S[1]_CO[3])
                                                      0.550    13.218 r  o_rgb_reg[7]_i_36/CO[3]
                         net (fo=1, routed)           0.000    13.218    o_rgb_reg[7]_i_36_n_0
    SLICE_X4Y24          CARRY4 (Prop_carry4_CI_O[3])
                                                      0.313    13.531 r  o_rgb_reg[7]_i_14/O[3]
                         net (fo=3, routed)           0.727    14.258    U_GAUSS_FILTER/o_rgb_reg[7]_0[3]
    SLICE_X3Y24          LUT2 (Prop_lut2_I0_O)        0.306    14.564 r  U_GAUSS_FILTER/o_rgb[7]_i_17/O
                         net (fo=1, routed)           0.000    14.564    U_GAUSS_FILTER/o_rgb[7]_i_17_n_0
    SLICE_X3Y24          CARRY4 (Prop_carry4_S[3]_CO[3])
                                                      0.401    14.965 r  U_GAUSS_FILTER/o_rgb_reg[7]_i_5/CO[3]
                         net (fo=10, routed)          0.757    15.722    U_GAUSS_FILTER/o_rgb_reg[7]_i_5_n_0
    SLICE_X5Y24          LUT6 (Prop_lut6_I4_O)        0.124    15.846 r  U_GAUSS_FILTER/o_rgb[7]_i_11/O
                         net (fo=1, routed)           0.797    16.643    U_GAUSS_FILTER/o_rgb[7]_i_11_n_0
    SLICE_X5Y23          LUT6 (Prop_lut6_I4_O)        0.124    16.767 r  U_GAUSS_FILTER/o_rgb[7]_i_2/O
                         net (fo=4, routed)           0.314    17.082    U_GAUSS_FILTER/o_rgb[7]_i_2_n_0
    SLICE_X7Y23          LUT5 (Prop_lut5_I0_O)        0.124    17.206 r  U_GAUSS_FILTER/o_rgb[5]_i_1/O
                         net (fo=1, routed)           0.000    17.206    U_GAUSS_FILTER/p_6_out[5]
    SLICE_X7Y23          FDCE                                         r  U_GAUSS_FILTER/o_rgb_reg[5]/D
  -------------------------------------------------------------------    -------------------

                         (clock sys_clk_pin rise edge)
                                                     10.000    10.000 r  
    W5                                                0.000    10.000 r  clk (IN)
                         net (fo=0)                   0.000    10.000    clk
    W5                   IBUF (Prop_ibuf_I_O)         1.388    11.388 r  clk_IBUF_inst/O
                         net (fo=1, routed)           1.862    13.250    clk_IBUF
    BUFGCTRL_X0Y0        BUFG (Prop_bufg_I_O)         0.091    13.341 r  clk_IBUF_BUFG_inst/O
                         net (fo=6410, routed)        1.502    14.843    U_GAUSS_FILTER/clk_IBUF_BUFG
    SLICE_X7Y23          FDCE                                         r  U_GAUSS_FILTER/o_rgb_reg[5]/C
                         clock pessimism              0.273    15.116    
                         clock uncertainty           -0.035    15.081    
    SLICE_X7Y23          FDCE (Setup_fdce_C_D)        0.032    15.113    U_GAUSS_FILTER/o_rgb_reg[5]
  -------------------------------------------------------------------
                         required time                         15.113    
                         arrival time                         -17.206    
  -------------------------------------------------------------------
                         slack                                 -2.093    

Slack (VIOLATED) :        -2.089ns  (required time - arrival time)
  Source:                 U_GAUSS_FILTER/sum_g_reg[2]_replica_1/C
                            (rising edge-triggered cell FDCE clocked by sys_clk_pin  {rise@0.000ns fall@5.000ns period=10.000ns})
  Destination:            U_GAUSS_FILTER/o_rgb_reg[7]/D
                            (rising edge-triggered cell FDCE clocked by sys_clk_pin  {rise@0.000ns fall@5.000ns period=10.000ns})
  Path Group:             sys_clk_pin
  Path Type:              Setup (Max at Slow Process Corner)
  Requirement:            10.000ns  (sys_clk_pin rise@10.000ns - sys_clk_pin rise@0.000ns)
  Data Path Delay:        12.050ns  (logic 5.029ns (41.736%)  route 7.021ns (58.264%))
  Logic Levels:           15  (CARRY4=7 LUT2=1 LUT3=2 LUT4=1 LUT5=1 LUT6=3)
  Clock Path Skew:        -0.035ns (DCD - SCD + CPR)
    Destination Clock Delay (DCD):    4.843ns = ( 14.843 - 10.000 ) 
    Source Clock Delay      (SCD):    5.151ns
    Clock Pessimism Removal (CPR):    0.273ns
  Clock Uncertainty:      0.035ns  ((TSJ^2 + TIJ^2)^1/2 + DJ) / 2 + PE
    Total System Jitter     (TSJ):    0.071ns
    Total Input Jitter      (TIJ):    0.000ns
    Discrete Jitter          (DJ):    0.000ns
    Phase Error              (PE):    0.000ns

    Location             Delay type                Incr(ns)  Path(ns)    Netlist Resource(s)
  -------------------------------------------------------------------    -------------------
                         (clock sys_clk_pin rise edge)
                                                      0.000     0.000 r  
    W5                                                0.000     0.000 r  clk (IN)
                         net (fo=0)                   0.000     0.000    clk
    W5                   IBUF (Prop_ibuf_I_O)         1.458     1.458 r  clk_IBUF_inst/O
                         net (fo=1, routed)           1.967     3.425    clk_IBUF
    BUFGCTRL_X0Y0        BUFG (Prop_bufg_I_O)         0.096     3.521 r  clk_IBUF_BUFG_inst/O
                         net (fo=6410, routed)        1.630     5.151    U_GAUSS_FILTER/clk_IBUF_BUFG
    SLICE_X5Y14          FDCE                                         r  U_GAUSS_FILTER/sum_g_reg[2]_replica_1/C
  -------------------------------------------------------------------    -------------------
    SLICE_X5Y14          FDCE (Prop_fdce_C_Q)         0.456     5.607 r  U_GAUSS_FILTER/sum_g_reg[2]_replica_1/Q
                         net (fo=15, routed)          0.728     6.335    U_GAUSS_FILTER/sum_g_reg_n_0_[2]_repN_1
    SLICE_X5Y14          LUT3 (Prop_lut3_I1_O)        0.124     6.459 r  U_GAUSS_FILTER/o_rgb[7]_i_190/O
                         net (fo=1, routed)           0.632     7.092    U_GAUSS_FILTER/o_rgb[7]_i_190_n_0
    SLICE_X4Y15          CARRY4 (Prop_carry4_DI[1]_CO[3])
                                                      0.507     7.599 r  U_GAUSS_FILTER/o_rgb_reg[7]_i_146/CO[3]
                         net (fo=1, routed)           0.000     7.599    U_GAUSS_FILTER/o_rgb_reg[7]_i_146_n_0
    SLICE_X4Y16          CARRY4 (Prop_carry4_CI_CO[3])
                                                      0.114     7.713 r  U_GAUSS_FILTER/o_rgb_reg[7]_i_102/CO[3]
                         net (fo=1, routed)           0.000     7.713    U_GAUSS_FILTER/o_rgb_reg[7]_i_102_n_0
    SLICE_X4Y17          CARRY4 (Prop_carry4_CI_CO[0])
                                                      0.271     7.984 f  U_GAUSS_FILTER/o_rgb_reg[7]_i_59/CO[0]
                         net (fo=25, routed)          1.062     9.045    U_GAUSS_FILTER/sum_g_reg[8]_3[0]
    SLICE_X5Y22          LUT3 (Prop_lut3_I1_O)        0.401     9.446 r  U_GAUSS_FILTER/o_rgb[7]_i_63/O
                         net (fo=21, routed)          0.675    10.122    U_GAUSS_FILTER/o_rgb[7]_i_63_n_0
    SLICE_X5Y20          LUT4 (Prop_lut4_I0_O)        0.332    10.454 r  U_GAUSS_FILTER/o_rgb[7]_i_67/O
                         net (fo=1, routed)           0.000    10.454    U_GAUSS_FILTER/o_rgb[7]_i_67_n_0
    SLICE_X5Y20          CARRY4 (Prop_carry4_S[1]_O[2])
                                                      0.580    11.034 r  U_GAUSS_FILTER/o_rgb_reg[7]_i_31/O[2]
                         net (fo=11, routed)          1.332    12.366    U_GAUSS_FILTER_n_127
    SLICE_X4Y23          LUT6 (Prop_lut6_I1_O)        0.302    12.668 r  o_rgb[7]_i_84/O
                         net (fo=1, routed)           0.000    12.668    o_rgb[7]_i_84_n_0
    SLICE_X4Y23          CARRY4 (Prop_carry4_S[1]_CO[3])
                                                      0.550    13.218 r  o_rgb_reg[7]_i_36/CO[3]
                         net (fo=1, routed)           0.000    13.218    o_rgb_reg[7]_i_36_n_0
    SLICE_X4Y24          CARRY4 (Prop_carry4_CI_O[3])
                                                      0.313    13.531 r  o_rgb_reg[7]_i_14/O[3]
                         net (fo=3, routed)           0.727    14.258    U_GAUSS_FILTER/o_rgb_reg[7]_0[3]
    SLICE_X3Y24          LUT2 (Prop_lut2_I0_O)        0.306    14.564 r  U_GAUSS_FILTER/o_rgb[7]_i_17/O
                         net (fo=1, routed)           0.000    14.564    U_GAUSS_FILTER/o_rgb[7]_i_17_n_0
    SLICE_X3Y24          CARRY4 (Prop_carry4_S[3]_CO[3])
                                                      0.401    14.965 r  U_GAUSS_FILTER/o_rgb_reg[7]_i_5/CO[3]
                         net (fo=10, routed)          0.757    15.722    U_GAUSS_FILTER/o_rgb_reg[7]_i_5_n_0
    SLICE_X5Y24          LUT6 (Prop_lut6_I4_O)        0.124    15.846 r  U_GAUSS_FILTER/o_rgb[7]_i_11/O
                         net (fo=1, routed)           0.797    16.643    U_GAUSS_FILTER/o_rgb[7]_i_11_n_0
    SLICE_X5Y23          LUT6 (Prop_lut6_I4_O)        0.124    16.767 r  U_GAUSS_FILTER/o_rgb[7]_i_2/O
                         net (fo=4, routed)           0.309    17.077    U_GAUSS_FILTER/o_rgb[7]_i_2_n_0
    SLICE_X7Y23          LUT5 (Prop_lut5_I0_O)        0.124    17.201 r  U_GAUSS_FILTER/o_rgb[7]_i_1/O
                         net (fo=1, routed)           0.000    17.201    U_GAUSS_FILTER/p_6_out[7]
    SLICE_X7Y23          FDCE                                         r  U_GAUSS_FILTER/o_rgb_reg[7]/D
  -------------------------------------------------------------------    -------------------

                         (clock sys_clk_pin rise edge)
                                                     10.000    10.000 r  
    W5                                                0.000    10.000 r  clk (IN)
                         net (fo=0)                   0.000    10.000    clk
    W5                   IBUF (Prop_ibuf_I_O)         1.388    11.388 r  clk_IBUF_inst/O
                         net (fo=1, routed)           1.862    13.250    clk_IBUF
    BUFGCTRL_X0Y0        BUFG (Prop_bufg_I_O)         0.091    13.341 r  clk_IBUF_BUFG_inst/O
                         net (fo=6410, routed)        1.502    14.843    U_GAUSS_FILTER/clk_IBUF_BUFG
    SLICE_X7Y23          FDCE                                         r  U_GAUSS_FILTER/o_rgb_reg[7]/C
                         clock pessimism              0.273    15.116    
                         clock uncertainty           -0.035    15.081    
    SLICE_X7Y23          FDCE (Setup_fdce_C_D)        0.031    15.112    U_GAUSS_FILTER/o_rgb_reg[7]
  -------------------------------------------------------------------
                         required time                         15.112    
                         arrival time                         -17.201    
  -------------------------------------------------------------------
                         slack                                 -2.089    

Slack (VIOLATED) :        -2.053ns  (required time - arrival time)
  Source:                 U_GAUSS_FILTER/sum_g_reg[2]_replica_1/C
                            (rising edge-triggered cell FDCE clocked by sys_clk_pin  {rise@0.000ns fall@5.000ns period=10.000ns})
  Destination:            U_GAUSS_FILTER/o_rgb_reg[6]/D
                            (rising edge-triggered cell FDCE clocked by sys_clk_pin  {rise@0.000ns fall@5.000ns period=10.000ns})
  Path Group:             sys_clk_pin
  Path Type:              Setup (Max at Slow Process Corner)
  Requirement:            10.000ns  (sys_clk_pin rise@10.000ns - sys_clk_pin rise@0.000ns)
  Data Path Delay:        12.062ns  (logic 5.029ns (41.695%)  route 7.033ns (58.305%))
  Logic Levels:           15  (CARRY4=7 LUT2=1 LUT3=2 LUT4=1 LUT5=1 LUT6=3)
  Clock Path Skew:        -0.035ns (DCD - SCD + CPR)
    Destination Clock Delay (DCD):    4.843ns = ( 14.843 - 10.000 ) 
    Source Clock Delay      (SCD):    5.151ns
    Clock Pessimism Removal (CPR):    0.273ns
  Clock Uncertainty:      0.035ns  ((TSJ^2 + TIJ^2)^1/2 + DJ) / 2 + PE
    Total System Jitter     (TSJ):    0.071ns
    Total Input Jitter      (TIJ):    0.000ns
    Discrete Jitter          (DJ):    0.000ns
    Phase Error              (PE):    0.000ns

    Location             Delay type                Incr(ns)  Path(ns)    Netlist Resource(s)
  -------------------------------------------------------------------    -------------------
                         (clock sys_clk_pin rise edge)
                                                      0.000     0.000 r  
    W5                                                0.000     0.000 r  clk (IN)
                         net (fo=0)                   0.000     0.000    clk
    W5                   IBUF (Prop_ibuf_I_O)         1.458     1.458 r  clk_IBUF_inst/O
                         net (fo=1, routed)           1.967     3.425    clk_IBUF
    BUFGCTRL_X0Y0        BUFG (Prop_bufg_I_O)         0.096     3.521 r  clk_IBUF_BUFG_inst/O
                         net (fo=6410, routed)        1.630     5.151    U_GAUSS_FILTER/clk_IBUF_BUFG
    SLICE_X5Y14          FDCE                                         r  U_GAUSS_FILTER/sum_g_reg[2]_replica_1/C
  -------------------------------------------------------------------    -------------------
    SLICE_X5Y14          FDCE (Prop_fdce_C_Q)         0.456     5.607 r  U_GAUSS_FILTER/sum_g_reg[2]_replica_1/Q
                         net (fo=15, routed)          0.728     6.335    U_GAUSS_FILTER/sum_g_reg_n_0_[2]_repN_1
    SLICE_X5Y14          LUT3 (Prop_lut3_I1_O)        0.124     6.459 r  U_GAUSS_FILTER/o_rgb[7]_i_190/O
                         net (fo=1, routed)           0.632     7.092    U_GAUSS_FILTER/o_rgb[7]_i_190_n_0
    SLICE_X4Y15          CARRY4 (Prop_carry4_DI[1]_CO[3])
                                                      0.507     7.599 r  U_GAUSS_FILTER/o_rgb_reg[7]_i_146/CO[3]
                         net (fo=1, routed)           0.000     7.599    U_GAUSS_FILTER/o_rgb_reg[7]_i_146_n_0
    SLICE_X4Y16          CARRY4 (Prop_carry4_CI_CO[3])
                                                      0.114     7.713 r  U_GAUSS_FILTER/o_rgb_reg[7]_i_102/CO[3]
                         net (fo=1, routed)           0.000     7.713    U_GAUSS_FILTER/o_rgb_reg[7]_i_102_n_0
    SLICE_X4Y17          CARRY4 (Prop_carry4_CI_CO[0])
                                                      0.271     7.984 f  U_GAUSS_FILTER/o_rgb_reg[7]_i_59/CO[0]
                         net (fo=25, routed)          1.062     9.045    U_GAUSS_FILTER/sum_g_reg[8]_3[0]
    SLICE_X5Y22          LUT3 (Prop_lut3_I1_O)        0.401     9.446 r  U_GAUSS_FILTER/o_rgb[7]_i_63/O
                         net (fo=21, routed)          0.675    10.122    U_GAUSS_FILTER/o_rgb[7]_i_63_n_0
    SLICE_X5Y20          LUT4 (Prop_lut4_I0_O)        0.332    10.454 r  U_GAUSS_FILTER/o_rgb[7]_i_67/O
                         net (fo=1, routed)           0.000    10.454    U_GAUSS_FILTER/o_rgb[7]_i_67_n_0
    SLICE_X5Y20          CARRY4 (Prop_carry4_S[1]_O[2])
                                                      0.580    11.034 r  U_GAUSS_FILTER/o_rgb_reg[7]_i_31/O[2]
                         net (fo=11, routed)          1.332    12.366    U_GAUSS_FILTER_n_127
    SLICE_X4Y23          LUT6 (Prop_lut6_I1_O)        0.302    12.668 r  o_rgb[7]_i_84/O
                         net (fo=1, routed)           0.000    12.668    o_rgb[7]_i_84_n_0
    SLICE_X4Y23          CARRY4 (Prop_carry4_S[1]_CO[3])
                                                      0.550    13.218 r  o_rgb_reg[7]_i_36/CO[3]
                         net (fo=1, routed)           0.000    13.218    o_rgb_reg[7]_i_36_n_0
    SLICE_X4Y24          CARRY4 (Prop_carry4_CI_O[3])
                                                      0.313    13.531 r  o_rgb_reg[7]_i_14/O[3]
                         net (fo=3, routed)           0.727    14.258    U_GAUSS_FILTER/o_rgb_reg[7]_0[3]
    SLICE_X3Y24          LUT2 (Prop_lut2_I0_O)        0.306    14.564 r  U_GAUSS_FILTER/o_rgb[7]_i_17/O
                         net (fo=1, routed)           0.000    14.564    U_GAUSS_FILTER/o_rgb[7]_i_17_n_0
    SLICE_X3Y24          CARRY4 (Prop_carry4_S[3]_CO[3])
                                                      0.401    14.965 r  U_GAUSS_FILTER/o_rgb_reg[7]_i_5/CO[3]
                         net (fo=10, routed)          0.757    15.722    U_GAUSS_FILTER/o_rgb_reg[7]_i_5_n_0
    SLICE_X5Y24          LUT6 (Prop_lut6_I4_O)        0.124    15.846 r  U_GAUSS_FILTER/o_rgb[7]_i_11/O
                         net (fo=1, routed)           0.797    16.643    U_GAUSS_FILTER/o_rgb[7]_i_11_n_0
    SLICE_X5Y23          LUT6 (Prop_lut6_I4_O)        0.124    16.767 r  U_GAUSS_FILTER/o_rgb[7]_i_2/O
                         net (fo=4, routed)           0.321    17.089    U_GAUSS_FILTER/o_rgb[7]_i_2_n_0
    SLICE_X6Y23          LUT5 (Prop_lut5_I0_O)        0.124    17.213 r  U_GAUSS_FILTER/o_rgb[6]_i_1/O
                         net (fo=1, routed)           0.000    17.213    U_GAUSS_FILTER/p_6_out[6]
    SLICE_X6Y23          FDCE                                         r  U_GAUSS_FILTER/o_rgb_reg[6]/D
  -------------------------------------------------------------------    -------------------

                         (clock sys_clk_pin rise edge)
                                                     10.000    10.000 r  
    W5                                                0.000    10.000 r  clk (IN)
                         net (fo=0)                   0.000    10.000    clk
    W5                   IBUF (Prop_ibuf_I_O)         1.388    11.388 r  clk_IBUF_inst/O
                         net (fo=1, routed)           1.862    13.250    clk_IBUF
    BUFGCTRL_X0Y0        BUFG (Prop_bufg_I_O)         0.091    13.341 r  clk_IBUF_BUFG_inst/O
                         net (fo=6410, routed)        1.502    14.843    U_GAUSS_FILTER/clk_IBUF_BUFG
    SLICE_X6Y23          FDCE                                         r  U_GAUSS_FILTER/o_rgb_reg[6]/C
                         clock pessimism              0.273    15.116    
                         clock uncertainty           -0.035    15.081    
    SLICE_X6Y23          FDCE (Setup_fdce_C_D)        0.079    15.160    U_GAUSS_FILTER/o_rgb_reg[6]
  -------------------------------------------------------------------
                         required time                         15.160    
                         arrival time                         -17.213    
  -------------------------------------------------------------------
                         slack                                 -2.053    

Slack (VIOLATED) :        -2.052ns  (required time - arrival time)
  Source:                 U_GAUSS_FILTER/sum_g_reg[2]_replica_1/C
                            (rising edge-triggered cell FDCE clocked by sys_clk_pin  {rise@0.000ns fall@5.000ns period=10.000ns})
  Destination:            U_GAUSS_FILTER/o_rgb_reg[4]/D
                            (rising edge-triggered cell FDCE clocked by sys_clk_pin  {rise@0.000ns fall@5.000ns period=10.000ns})
  Path Group:             sys_clk_pin
  Path Type:              Setup (Max at Slow Process Corner)
  Requirement:            10.000ns  (sys_clk_pin rise@10.000ns - sys_clk_pin rise@0.000ns)
  Data Path Delay:        12.063ns  (logic 5.029ns (41.691%)  route 7.034ns (58.309%))
  Logic Levels:           15  (CARRY4=7 LUT2=1 LUT3=2 LUT4=1 LUT5=1 LUT6=3)
  Clock Path Skew:        -0.035ns (DCD - SCD + CPR)
    Destination Clock Delay (DCD):    4.843ns = ( 14.843 - 10.000 ) 
    Source Clock Delay      (SCD):    5.151ns
    Clock Pessimism Removal (CPR):    0.273ns
  Clock Uncertainty:      0.035ns  ((TSJ^2 + TIJ^2)^1/2 + DJ) / 2 + PE
    Total System Jitter     (TSJ):    0.071ns
    Total Input Jitter      (TIJ):    0.000ns
    Discrete Jitter          (DJ):    0.000ns
    Phase Error              (PE):    0.000ns

    Location             Delay type                Incr(ns)  Path(ns)    Netlist Resource(s)
  -------------------------------------------------------------------    -------------------
                         (clock sys_clk_pin rise edge)
                                                      0.000     0.000 r  
    W5                                                0.000     0.000 r  clk (IN)
                         net (fo=0)                   0.000     0.000    clk
    W5                   IBUF (Prop_ibuf_I_O)         1.458     1.458 r  clk_IBUF_inst/O
                         net (fo=1, routed)           1.967     3.425    clk_IBUF
    BUFGCTRL_X0Y0        BUFG (Prop_bufg_I_O)         0.096     3.521 r  clk_IBUF_BUFG_inst/O
                         net (fo=6410, routed)        1.630     5.151    U_GAUSS_FILTER/clk_IBUF_BUFG
    SLICE_X5Y14          FDCE                                         r  U_GAUSS_FILTER/sum_g_reg[2]_replica_1/C
  -------------------------------------------------------------------    -------------------
    SLICE_X5Y14          FDCE (Prop_fdce_C_Q)         0.456     5.607 r  U_GAUSS_FILTER/sum_g_reg[2]_replica_1/Q
                         net (fo=15, routed)          0.728     6.335    U_GAUSS_FILTER/sum_g_reg_n_0_[2]_repN_1
    SLICE_X5Y14          LUT3 (Prop_lut3_I1_O)        0.124     6.459 r  U_GAUSS_FILTER/o_rgb[7]_i_190/O
                         net (fo=1, routed)           0.632     7.092    U_GAUSS_FILTER/o_rgb[7]_i_190_n_0
    SLICE_X4Y15          CARRY4 (Prop_carry4_DI[1]_CO[3])
                                                      0.507     7.599 r  U_GAUSS_FILTER/o_rgb_reg[7]_i_146/CO[3]
                         net (fo=1, routed)           0.000     7.599    U_GAUSS_FILTER/o_rgb_reg[7]_i_146_n_0
    SLICE_X4Y16          CARRY4 (Prop_carry4_CI_CO[3])
                                                      0.114     7.713 r  U_GAUSS_FILTER/o_rgb_reg[7]_i_102/CO[3]
                         net (fo=1, routed)           0.000     7.713    U_GAUSS_FILTER/o_rgb_reg[7]_i_102_n_0
    SLICE_X4Y17          CARRY4 (Prop_carry4_CI_CO[0])
                                                      0.271     7.984 f  U_GAUSS_FILTER/o_rgb_reg[7]_i_59/CO[0]
                         net (fo=25, routed)          1.062     9.045    U_GAUSS_FILTER/sum_g_reg[8]_3[0]
    SLICE_X5Y22          LUT3 (Prop_lut3_I1_O)        0.401     9.446 r  U_GAUSS_FILTER/o_rgb[7]_i_63/O
                         net (fo=21, routed)          0.675    10.122    U_GAUSS_FILTER/o_rgb[7]_i_63_n_0
    SLICE_X5Y20          LUT4 (Prop_lut4_I0_O)        0.332    10.454 r  U_GAUSS_FILTER/o_rgb[7]_i_67/O
                         net (fo=1, routed)           0.000    10.454    U_GAUSS_FILTER/o_rgb[7]_i_67_n_0
    SLICE_X5Y20          CARRY4 (Prop_carry4_S[1]_O[2])
                                                      0.580    11.034 r  U_GAUSS_FILTER/o_rgb_reg[7]_i_31/O[2]
                         net (fo=11, routed)          1.332    12.366    U_GAUSS_FILTER_n_127
    SLICE_X4Y23          LUT6 (Prop_lut6_I1_O)        0.302    12.668 r  o_rgb[7]_i_84/O
                         net (fo=1, routed)           0.000    12.668    o_rgb[7]_i_84_n_0
    SLICE_X4Y23          CARRY4 (Prop_carry4_S[1]_CO[3])
                                                      0.550    13.218 r  o_rgb_reg[7]_i_36/CO[3]
                         net (fo=1, routed)           0.000    13.218    o_rgb_reg[7]_i_36_n_0
    SLICE_X4Y24          CARRY4 (Prop_carry4_CI_O[3])
                                                      0.313    13.531 r  o_rgb_reg[7]_i_14/O[3]
                         net (fo=3, routed)           0.727    14.258    U_GAUSS_FILTER/o_rgb_reg[7]_0[3]
    SLICE_X3Y24          LUT2 (Prop_lut2_I0_O)        0.306    14.564 r  U_GAUSS_FILTER/o_rgb[7]_i_17/O
                         net (fo=1, routed)           0.000    14.564    U_GAUSS_FILTER/o_rgb[7]_i_17_n_0
    SLICE_X3Y24          CARRY4 (Prop_carry4_S[3]_CO[3])
                                                      0.401    14.965 r  U_GAUSS_FILTER/o_rgb_reg[7]_i_5/CO[3]
                         net (fo=10, routed)          0.757    15.722    U_GAUSS_FILTER/o_rgb_reg[7]_i_5_n_0
    SLICE_X5Y24          LUT6 (Prop_lut6_I4_O)        0.124    15.846 r  U_GAUSS_FILTER/o_rgb[7]_i_11/O
                         net (fo=1, routed)           0.797    16.643    U_GAUSS_FILTER/o_rgb[7]_i_11_n_0
    SLICE_X5Y23          LUT6 (Prop_lut6_I4_O)        0.124    16.767 r  U_GAUSS_FILTER/o_rgb[7]_i_2/O
                         net (fo=4, routed)           0.322    17.090    U_GAUSS_FILTER/o_rgb[7]_i_2_n_0
    SLICE_X6Y23          LUT5 (Prop_lut5_I0_O)        0.124    17.214 r  U_GAUSS_FILTER/o_rgb[4]_i_1/O
                         net (fo=1, routed)           0.000    17.214    U_GAUSS_FILTER/p_6_out[4]
    SLICE_X6Y23          FDCE                                         r  U_GAUSS_FILTER/o_rgb_reg[4]/D
  -------------------------------------------------------------------    -------------------

                         (clock sys_clk_pin rise edge)
                                                     10.000    10.000 r  
    W5                                                0.000    10.000 r  clk (IN)
                         net (fo=0)                   0.000    10.000    clk
    W5                   IBUF (Prop_ibuf_I_O)         1.388    11.388 r  clk_IBUF_inst/O
                         net (fo=1, routed)           1.862    13.250    clk_IBUF
    BUFGCTRL_X0Y0        BUFG (Prop_bufg_I_O)         0.091    13.341 r  clk_IBUF_BUFG_inst/O
                         net (fo=6410, routed)        1.502    14.843    U_GAUSS_FILTER/clk_IBUF_BUFG
    SLICE_X6Y23          FDCE                                         r  U_GAUSS_FILTER/o_rgb_reg[4]/C
                         clock pessimism              0.273    15.116    
                         clock uncertainty           -0.035    15.081    
    SLICE_X6Y23          FDCE (Setup_fdce_C_D)        0.081    15.162    U_GAUSS_FILTER/o_rgb_reg[4]
  -------------------------------------------------------------------
                         required time                         15.162    
                         arrival time                         -17.214    
  -------------------------------------------------------------------
                         slack                                 -2.052    

Slack (VIOLATED) :        -2.039ns  (required time - arrival time)
  Source:                 U_GAUSS_FILTER/sum_b_reg[0]_replica/C
                            (rising edge-triggered cell FDCE clocked by sys_clk_pin  {rise@0.000ns fall@5.000ns period=10.000ns})
  Destination:            U_GAUSS_FILTER/o_rgb_reg[2]/D
                            (rising edge-triggered cell FDCE clocked by sys_clk_pin  {rise@0.000ns fall@5.000ns period=10.000ns})
  Path Group:             sys_clk_pin
  Path Type:              Setup (Max at Slow Process Corner)
  Requirement:            10.000ns  (sys_clk_pin rise@10.000ns - sys_clk_pin rise@0.000ns)
  Data Path Delay:        12.065ns  (logic 5.785ns (47.950%)  route 6.280ns (52.050%))
  Logic Levels:           18  (CARRY4=11 LUT2=1 LUT3=2 LUT4=1 LUT5=1 LUT6=2)
  Clock Path Skew:        0.030ns (DCD - SCD + CPR)
    Destination Clock Delay (DCD):    4.859ns = ( 14.859 - 10.000 ) 
    Source Clock Delay      (SCD):    5.089ns
    Clock Pessimism Removal (CPR):    0.260ns
  Clock Uncertainty:      0.035ns  ((TSJ^2 + TIJ^2)^1/2 + DJ) / 2 + PE
    Total System Jitter     (TSJ):    0.071ns
    Total Input Jitter      (TIJ):    0.000ns
    Discrete Jitter          (DJ):    0.000ns
    Phase Error              (PE):    0.000ns

    Location             Delay type                Incr(ns)  Path(ns)    Netlist Resource(s)
  -------------------------------------------------------------------    -------------------
                         (clock sys_clk_pin rise edge)
                                                      0.000     0.000 r  
    W5                                                0.000     0.000 r  clk (IN)
                         net (fo=0)                   0.000     0.000    clk
    W5                   IBUF (Prop_ibuf_I_O)         1.458     1.458 r  clk_IBUF_inst/O
                         net (fo=1, routed)           1.967     3.425    clk_IBUF
    BUFGCTRL_X0Y0        BUFG (Prop_bufg_I_O)         0.096     3.521 r  clk_IBUF_BUFG_inst/O
                         net (fo=6410, routed)        1.568     5.089    U_GAUSS_FILTER/clk_IBUF_BUFG
    SLICE_X15Y42         FDCE                                         r  U_GAUSS_FILTER/sum_b_reg[0]_replica/C
  -------------------------------------------------------------------    -------------------
    SLICE_X15Y42         FDCE (Prop_fdce_C_Q)         0.456     5.545 r  U_GAUSS_FILTER/sum_b_reg[0]_replica/Q
                         net (fo=15, routed)          0.872     6.417    U_GAUSS_FILTER/sum[0]_repN
    SLICE_X13Y41         LUT4 (Prop_lut4_I0_O)        0.124     6.541 r  U_GAUSS_FILTER/o_rgb[3]_i_208/O
                         net (fo=1, routed)           0.000     6.541    U_GAUSS_FILTER/o_rgb[3]_i_208_n_0
    SLICE_X13Y41         CARRY4 (Prop_carry4_S[1]_CO[3])
                                                      0.550     7.091 r  U_GAUSS_FILTER/o_rgb_reg[3]_i_186/CO[3]
                         net (fo=1, routed)           0.000     7.091    U_GAUSS_FILTER/o_rgb_reg[3]_i_186_n_0
    SLICE_X13Y42         CARRY4 (Prop_carry4_CI_O[1])
                                                      0.334     7.425 r  U_GAUSS_FILTER/o_rgb_reg[3]_i_146/O[1]
                         net (fo=2, routed)           0.978     8.403    U_GAUSS_FILTER_n_17
    SLICE_X10Y41         LUT3 (Prop_lut3_I1_O)        0.336     8.739 r  o_rgb[3]_i_97/O
                         net (fo=2, routed)           0.619     9.359    U_GAUSS_FILTER/o_rgb_reg[3]_i_21_0[0]
    SLICE_X10Y42         CARRY4 (Prop_carry4_DI[0]_CO[3])
                                                      0.781    10.140 r  U_GAUSS_FILTER/o_rgb_reg[3]_i_50/CO[3]
                         net (fo=1, routed)           0.000    10.140    U_GAUSS_FILTER/o_rgb_reg[3]_i_50_n_0
    SLICE_X10Y43         CARRY4 (Prop_carry4_CI_CO[3])
                                                      0.117    10.257 r  U_GAUSS_FILTER/o_rgb_reg[3]_i_21/CO[3]
                         net (fo=1, routed)           0.000    10.257    U_GAUSS_FILTER/o_rgb_reg[3]_i_21_n_0
    SLICE_X10Y44         CARRY4 (Prop_carry4_CI_CO[3])
                                                      0.117    10.374 r  U_GAUSS_FILTER/o_rgb_reg[3]_i_6/CO[3]
                         net (fo=1, routed)           0.000    10.374    U_GAUSS_FILTER/o_rgb_reg[3]_i_6_n_0
    SLICE_X10Y45         CARRY4 (Prop_carry4_CI_O[1])
                                                      0.323    10.697 r  U_GAUSS_FILTER/o_rgb_reg[3]_i_31/O[1]
                         net (fo=12, routed)          0.642    11.339    U_GAUSS_FILTER_n_38
    SLICE_X11Y44         LUT3 (Prop_lut3_I2_O)        0.301    11.640 r  o_rgb[3]_i_165/O
                         net (fo=1, routed)           0.357    11.997    o_rgb[3]_i_165_n_0
    SLICE_X9Y43          CARRY4 (Prop_carry4_DI[3]_CO[3])
                                                      0.593    12.590 r  o_rgb_reg[3]_i_119/CO[3]
                         net (fo=1, routed)           0.000    12.590    o_rgb_reg[3]_i_119_n_0
    SLICE_X9Y44          CARRY4 (Prop_carry4_CI_CO[3])
                                                      0.114    12.704 r  o_rgb_reg[3]_i_77/CO[3]
                         net (fo=1, routed)           0.000    12.704    o_rgb_reg[3]_i_77_n_0
    SLICE_X9Y45          CARRY4 (Prop_carry4_CI_O[1])
                                                      0.334    13.038 r  o_rgb_reg[3]_i_36/O[1]
                         net (fo=3, routed)           0.692    13.729    U_GAUSS_FILTER/o_rgb_reg[3]_i_16_0[1]
    SLICE_X8Y45          LUT2 (Prop_lut2_I1_O)        0.303    14.032 r  U_GAUSS_FILTER/o_rgb[3]_i_49/O
                         net (fo=1, routed)           0.000    14.032    U_GAUSS_FILTER/o_rgb[3]_i_49_n_0
    SLICE_X8Y45          CARRY4 (Prop_carry4_S[0]_CO[3])
                                                      0.513    14.545 r  U_GAUSS_FILTER/o_rgb_reg[3]_i_16/CO[3]
                         net (fo=1, routed)           0.000    14.545    U_GAUSS_FILTER/o_rgb_reg[3]_i_16_n_0
    SLICE_X8Y46          CARRY4 (Prop_carry4_CI_CO[3])
                                                      0.117    14.662 r  U_GAUSS_FILTER/o_rgb_reg[3]_i_5/CO[3]
                         net (fo=10, routed)          0.995    15.658    U_GAUSS_FILTER/o_rgb_reg[3]_i_5_n_0
    SLICE_X7Y46          LUT6 (Prop_lut6_I4_O)        0.124    15.782 r  U_GAUSS_FILTER/o_rgb[3]_i_7/O
                         net (fo=1, routed)           0.797    16.579    U_GAUSS_FILTER/o_rgb[3]_i_7_n_0
    SLICE_X7Y47          LUT6 (Prop_lut6_I0_O)        0.124    16.703 r  U_GAUSS_FILTER/o_rgb[3]_i_2/O
                         net (fo=4, routed)           0.327    17.030    U_GAUSS_FILTER/normalize_return1
    SLICE_X4Y47          LUT5 (Prop_lut5_I0_O)        0.124    17.154 r  U_GAUSS_FILTER/o_rgb[2]_i_1/O
                         net (fo=1, routed)           0.000    17.154    U_GAUSS_FILTER/p_6_out[2]
    SLICE_X4Y47          FDCE                                         r  U_GAUSS_FILTER/o_rgb_reg[2]/D
  -------------------------------------------------------------------    -------------------

                         (clock sys_clk_pin rise edge)
                                                     10.000    10.000 r  
    W5                                                0.000    10.000 r  clk (IN)
                         net (fo=0)                   0.000    10.000    clk
    W5                   IBUF (Prop_ibuf_I_O)         1.388    11.388 r  clk_IBUF_inst/O
                         net (fo=1, routed)           1.862    13.250    clk_IBUF
    BUFGCTRL_X0Y0        BUFG (Prop_bufg_I_O)         0.091    13.341 r  clk_IBUF_BUFG_inst/O
                         net (fo=6410, routed)        1.518    14.859    U_GAUSS_FILTER/clk_IBUF_BUFG
    SLICE_X4Y47          FDCE                                         r  U_GAUSS_FILTER/o_rgb_reg[2]/C
                         clock pessimism              0.260    15.119    
                         clock uncertainty           -0.035    15.084    
    SLICE_X4Y47          FDCE (Setup_fdce_C_D)        0.031    15.115    U_GAUSS_FILTER/o_rgb_reg[2]
  -------------------------------------------------------------------
                         required time                         15.115    
                         arrival time                         -17.154    
  -------------------------------------------------------------------
                         slack                                 -2.039    

Slack (VIOLATED) :        -2.037ns  (required time - arrival time)
  Source:                 U_GAUSS_FILTER/sum_b_reg[0]_replica/C
                            (rising edge-triggered cell FDCE clocked by sys_clk_pin  {rise@0.000ns fall@5.000ns period=10.000ns})
  Destination:            U_GAUSS_FILTER/o_rgb_reg[1]/D
                            (rising edge-triggered cell FDCE clocked by sys_clk_pin  {rise@0.000ns fall@5.000ns period=10.000ns})
  Path Group:             sys_clk_pin
  Path Type:              Setup (Max at Slow Process Corner)
  Requirement:            10.000ns  (sys_clk_pin rise@10.000ns - sys_clk_pin rise@0.000ns)
  Data Path Delay:        12.062ns  (logic 5.785ns (47.960%)  route 6.277ns (52.040%))
  Logic Levels:           18  (CARRY4=11 LUT2=1 LUT3=2 LUT4=1 LUT5=1 LUT6=2)
  Clock Path Skew:        0.030ns (DCD - SCD + CPR)
    Destination Clock Delay (DCD):    4.859ns = ( 14.859 - 10.000 ) 
    Source Clock Delay      (SCD):    5.089ns
    Clock Pessimism Removal (CPR):    0.260ns
  Clock Uncertainty:      0.035ns  ((TSJ^2 + TIJ^2)^1/2 + DJ) / 2 + PE
    Total System Jitter     (TSJ):    0.071ns
    Total Input Jitter      (TIJ):    0.000ns
    Discrete Jitter          (DJ):    0.000ns
    Phase Error              (PE):    0.000ns

    Location             Delay type                Incr(ns)  Path(ns)    Netlist Resource(s)
  -------------------------------------------------------------------    -------------------
                         (clock sys_clk_pin rise edge)
                                                      0.000     0.000 r  
    W5                                                0.000     0.000 r  clk (IN)
                         net (fo=0)                   0.000     0.000    clk
    W5                   IBUF (Prop_ibuf_I_O)         1.458     1.458 r  clk_IBUF_inst/O
                         net (fo=1, routed)           1.967     3.425    clk_IBUF
    BUFGCTRL_X0Y0        BUFG (Prop_bufg_I_O)         0.096     3.521 r  clk_IBUF_BUFG_inst/O
                         net (fo=6410, routed)        1.568     5.089    U_GAUSS_FILTER/clk_IBUF_BUFG
    SLICE_X15Y42         FDCE                                         r  U_GAUSS_FILTER/sum_b_reg[0]_replica/C
  -------------------------------------------------------------------    -------------------
    SLICE_X15Y42         FDCE (Prop_fdce_C_Q)         0.456     5.545 r  U_GAUSS_FILTER/sum_b_reg[0]_replica/Q
                         net (fo=15, routed)          0.872     6.417    U_GAUSS_FILTER/sum[0]_repN
    SLICE_X13Y41         LUT4 (Prop_lut4_I0_O)        0.124     6.541 r  U_GAUSS_FILTER/o_rgb[3]_i_208/O
                         net (fo=1, routed)           0.000     6.541    U_GAUSS_FILTER/o_rgb[3]_i_208_n_0
    SLICE_X13Y41         CARRY4 (Prop_carry4_S[1]_CO[3])
                                                      0.550     7.091 r  U_GAUSS_FILTER/o_rgb_reg[3]_i_186/CO[3]
                         net (fo=1, routed)           0.000     7.091    U_GAUSS_FILTER/o_rgb_reg[3]_i_186_n_0
    SLICE_X13Y42         CARRY4 (Prop_carry4_CI_O[1])
                                                      0.334     7.425 r  U_GAUSS_FILTER/o_rgb_reg[3]_i_146/O[1]
                         net (fo=2, routed)           0.978     8.403    U_GAUSS_FILTER_n_17
    SLICE_X10Y41         LUT3 (Prop_lut3_I1_O)        0.336     8.739 r  o_rgb[3]_i_97/O
                         net (fo=2, routed)           0.619     9.359    U_GAUSS_FILTER/o_rgb_reg[3]_i_21_0[0]
    SLICE_X10Y42         CARRY4 (Prop_carry4_DI[0]_CO[3])
                                                      0.781    10.140 r  U_GAUSS_FILTER/o_rgb_reg[3]_i_50/CO[3]
                         net (fo=1, routed)           0.000    10.140    U_GAUSS_FILTER/o_rgb_reg[3]_i_50_n_0
    SLICE_X10Y43         CARRY4 (Prop_carry4_CI_CO[3])
                                                      0.117    10.257 r  U_GAUSS_FILTER/o_rgb_reg[3]_i_21/CO[3]
                         net (fo=1, routed)           0.000    10.257    U_GAUSS_FILTER/o_rgb_reg[3]_i_21_n_0
    SLICE_X10Y44         CARRY4 (Prop_carry4_CI_CO[3])
                                                      0.117    10.374 r  U_GAUSS_FILTER/o_rgb_reg[3]_i_6/CO[3]
                         net (fo=1, routed)           0.000    10.374    U_GAUSS_FILTER/o_rgb_reg[3]_i_6_n_0
    SLICE_X10Y45         CARRY4 (Prop_carry4_CI_O[1])
                                                      0.323    10.697 r  U_GAUSS_FILTER/o_rgb_reg[3]_i_31/O[1]
                         net (fo=12, routed)          0.642    11.339    U_GAUSS_FILTER_n_38
    SLICE_X11Y44         LUT3 (Prop_lut3_I2_O)        0.301    11.640 r  o_rgb[3]_i_165/O
                         net (fo=1, routed)           0.357    11.997    o_rgb[3]_i_165_n_0
    SLICE_X9Y43          CARRY4 (Prop_carry4_DI[3]_CO[3])
                                                      0.593    12.590 r  o_rgb_reg[3]_i_119/CO[3]
                         net (fo=1, routed)           0.000    12.590    o_rgb_reg[3]_i_119_n_0
    SLICE_X9Y44          CARRY4 (Prop_carry4_CI_CO[3])
                                                      0.114    12.704 r  o_rgb_reg[3]_i_77/CO[3]
                         net (fo=1, routed)           0.000    12.704    o_rgb_reg[3]_i_77_n_0
    SLICE_X9Y45          CARRY4 (Prop_carry4_CI_O[1])
                                                      0.334    13.038 r  o_rgb_reg[3]_i_36/O[1]
                         net (fo=3, routed)           0.692    13.729    U_GAUSS_FILTER/o_rgb_reg[3]_i_16_0[1]
    SLICE_X8Y45          LUT2 (Prop_lut2_I1_O)        0.303    14.032 r  U_GAUSS_FILTER/o_rgb[3]_i_49/O
                         net (fo=1, routed)           0.000    14.032    U_GAUSS_FILTER/o_rgb[3]_i_49_n_0
    SLICE_X8Y45          CARRY4 (Prop_carry4_S[0]_CO[3])
                                                      0.513    14.545 r  U_GAUSS_FILTER/o_rgb_reg[3]_i_16/CO[3]
                         net (fo=1, routed)           0.000    14.545    U_GAUSS_FILTER/o_rgb_reg[3]_i_16_n_0
    SLICE_X8Y46          CARRY4 (Prop_carry4_CI_CO[3])
                                                      0.117    14.662 r  U_GAUSS_FILTER/o_rgb_reg[3]_i_5/CO[3]
                         net (fo=10, routed)          0.995    15.658    U_GAUSS_FILTER/o_rgb_reg[3]_i_5_n_0
    SLICE_X7Y46          LUT6 (Prop_lut6_I4_O)        0.124    15.782 r  U_GAUSS_FILTER/o_rgb[3]_i_7/O
                         net (fo=1, routed)           0.797    16.579    U_GAUSS_FILTER/o_rgb[3]_i_7_n_0
    SLICE_X7Y47          LUT6 (Prop_lut6_I0_O)        0.124    16.703 r  U_GAUSS_FILTER/o_rgb[3]_i_2/O
                         net (fo=4, routed)           0.324    17.027    U_GAUSS_FILTER/normalize_return1
    SLICE_X7Y48          LUT5 (Prop_lut5_I0_O)        0.124    17.151 r  U_GAUSS_FILTER/o_rgb[1]_i_1/O
                         net (fo=1, routed)           0.000    17.151    U_GAUSS_FILTER/p_6_out[1]
    SLICE_X7Y48          FDCE                                         r  U_GAUSS_FILTER/o_rgb_reg[1]/D
  -------------------------------------------------------------------    -------------------

                         (clock sys_clk_pin rise edge)
                                                     10.000    10.000 r  
    W5                                                0.000    10.000 r  clk (IN)
                         net (fo=0)                   0.000    10.000    clk
    W5                   IBUF (Prop_ibuf_I_O)         1.388    11.388 r  clk_IBUF_inst/O
                         net (fo=1, routed)           1.862    13.250    clk_IBUF
    BUFGCTRL_X0Y0        BUFG (Prop_bufg_I_O)         0.091    13.341 r  clk_IBUF_BUFG_inst/O
                         net (fo=6410, routed)        1.518    14.859    U_GAUSS_FILTER/clk_IBUF_BUFG
    SLICE_X7Y48          FDCE                                         r  U_GAUSS_FILTER/o_rgb_reg[1]/C
                         clock pessimism              0.260    15.119    
                         clock uncertainty           -0.035    15.084    
    SLICE_X7Y48          FDCE (Setup_fdce_C_D)        0.031    15.115    U_GAUSS_FILTER/o_rgb_reg[1]
  -------------------------------------------------------------------
                         required time                         15.115    
                         arrival time                         -17.151    
  -------------------------------------------------------------------
                         slack                                 -2.037    

Slack (VIOLATED) :        -2.034ns  (required time - arrival time)
  Source:                 U_GAUSS_FILTER/sum_r_reg[2]_replica/C
                            (rising edge-triggered cell FDCE clocked by sys_clk_pin  {rise@0.000ns fall@5.000ns period=10.000ns})
  Destination:            U_GAUSS_FILTER/o_rgb_reg[8]/D
                            (rising edge-triggered cell FDCE clocked by sys_clk_pin  {rise@0.000ns fall@5.000ns period=10.000ns})
  Path Group:             sys_clk_pin
  Path Type:              Setup (Max at Slow Process Corner)
  Requirement:            10.000ns  (sys_clk_pin rise@10.000ns - sys_clk_pin rise@0.000ns)
  Data Path Delay:        11.924ns  (logic 5.077ns (42.579%)  route 6.847ns (57.421%))
  Logic Levels:           16  (CARRY4=9 LUT2=1 LUT3=3 LUT4=1 LUT6=2)
  Clock Path Skew:        -0.106ns (DCD - SCD + CPR)
    Destination Clock Delay (DCD):    4.775ns = ( 14.775 - 10.000 ) 
    Source Clock Delay      (SCD):    5.069ns
    Clock Pessimism Removal (CPR):    0.188ns
  Clock Uncertainty:      0.035ns  ((TSJ^2 + TIJ^2)^1/2 + DJ) / 2 + PE
    Total System Jitter     (TSJ):    0.071ns
    Total Input Jitter      (TIJ):    0.000ns
    Discrete Jitter          (DJ):    0.000ns
    Phase Error              (PE):    0.000ns

    Location             Delay type                Incr(ns)  Path(ns)    Netlist Resource(s)
  -------------------------------------------------------------------    -------------------
                         (clock sys_clk_pin rise edge)
                                                      0.000     0.000 r  
    W5                                                0.000     0.000 r  clk (IN)
                         net (fo=0)                   0.000     0.000    clk
    W5                   IBUF (Prop_ibuf_I_O)         1.458     1.458 r  clk_IBUF_inst/O
                         net (fo=1, routed)           1.967     3.425    clk_IBUF
    BUFGCTRL_X0Y0        BUFG (Prop_bufg_I_O)         0.096     3.521 r  clk_IBUF_BUFG_inst/O
                         net (fo=6410, routed)        1.548     5.069    U_GAUSS_FILTER/clk_IBUF_BUFG
    SLICE_X39Y22         FDCE                                         r  U_GAUSS_FILTER/sum_r_reg[2]_replica/C
  -------------------------------------------------------------------    -------------------
    SLICE_X39Y22         FDCE (Prop_fdce_C_Q)         0.456     5.525 f  U_GAUSS_FILTER/sum_r_reg[2]_replica/Q
                         net (fo=16, routed)          0.661     6.187    U_GAUSS_FILTER/sum__0[2]_repN
    SLICE_X39Y21         LUT3 (Prop_lut3_I0_O)        0.124     6.311 r  U_GAUSS_FILTER/o_rgb[11]_i_203/O
                         net (fo=1, routed)           0.610     6.920    U_GAUSS_FILTER/o_rgb[11]_i_203_n_0
    SLICE_X36Y21         CARRY4 (Prop_carry4_DI[3]_CO[3])
                                                      0.385     7.305 r  U_GAUSS_FILTER/o_rgb_reg[11]_i_186/CO[3]
                         net (fo=1, routed)           0.000     7.305    U_GAUSS_FILTER/o_rgb_reg[11]_i_186_n_0
    SLICE_X36Y22         CARRY4 (Prop_carry4_CI_CO[3])
                                                      0.114     7.419 r  U_GAUSS_FILTER/o_rgb_reg[11]_i_146/CO[3]
                         net (fo=1, routed)           0.000     7.419    U_GAUSS_FILTER/o_rgb_reg[11]_i_146_n_0
    SLICE_X36Y23         CARRY4 (Prop_carry4_CI_CO[3])
                                                      0.114     7.533 r  U_GAUSS_FILTER/o_rgb_reg[11]_i_102/CO[3]
                         net (fo=1, routed)           0.000     7.533    U_GAUSS_FILTER/o_rgb_reg[11]_i_102_n_0
    SLICE_X36Y24         CARRY4 (Prop_carry4_CI_CO[0])
                                                      0.271     7.804 f  U_GAUSS_FILTER/o_rgb_reg[11]_i_59/CO[0]
                         net (fo=25, routed)          1.021     8.825    U_GAUSS_FILTER/sum_r_reg[8]_3[0]
    SLICE_X35Y26         LUT3 (Prop_lut3_I1_O)        0.399     9.224 r  U_GAUSS_FILTER/o_rgb[11]_i_63/O
                         net (fo=21, routed)          0.957    10.181    U_GAUSS_FILTER/o_rgb[11]_i_63_n_0
    SLICE_X35Y24         LUT4 (Prop_lut4_I0_O)        0.332    10.513 r  U_GAUSS_FILTER/o_rgb[11]_i_67/O
                         net (fo=1, routed)           0.000    10.513    U_GAUSS_FILTER/o_rgb[11]_i_67_n_0
    SLICE_X35Y24         CARRY4 (Prop_carry4_S[1]_CO[3])
                                                      0.550    11.063 r  U_GAUSS_FILTER/o_rgb_reg[11]_i_31/CO[3]
                         net (fo=1, routed)           0.009    11.072    U_GAUSS_FILTER/o_rgb_reg[11]_i_31_n_0
    SLICE_X35Y25         CARRY4 (Prop_carry4_CI_O[3])
                                                      0.313    11.385 f  U_GAUSS_FILTER/o_rgb_reg[11]_i_35/O[3]
                         net (fo=11, routed)          0.802    12.186    U_GAUSS_FILTER_n_85
    SLICE_X36Y26         LUT3 (Prop_lut3_I0_O)        0.306    12.492 r  o_rgb[11]_i_40/O
                         net (fo=1, routed)           0.344    12.837    o_rgb[11]_i_40_n_0
    SLICE_X34Y26         CARRY4 (Prop_carry4_DI[0]_CO[3])
                                                      0.550    13.387 r  o_rgb_reg[11]_i_14/CO[3]
                         net (fo=1, routed)           0.000    13.387    o_rgb_reg[11]_i_14_n_0
    SLICE_X34Y27         CARRY4 (Prop_carry4_CI_O[0])
                                                      0.219    13.606 r  o_rgb_reg[11]_i_4/O[0]
                         net (fo=11, routed)          0.661    14.267    U_GAUSS_FILTER/o_rgb_reg[8]_0[0]
    SLICE_X33Y26         LUT2 (Prop_lut2_I1_O)        0.295    14.562 r  U_GAUSS_FILTER/o_rgb[11]_i_17/O
                         net (fo=1, routed)           0.000    14.562    U_GAUSS_FILTER/o_rgb[11]_i_17_n_0
    SLICE_X33Y26         CARRY4 (Prop_carry4_S[3]_CO[3])
                                                      0.401    14.963 r  U_GAUSS_FILTER/o_rgb_reg[11]_i_5/CO[3]
                         net (fo=10, routed)          0.953    15.915    U_GAUSS_FILTER/o_rgb_reg[11]_i_5_n_0
    SLICE_X33Y28         LUT6 (Prop_lut6_I4_O)        0.124    16.039 r  U_GAUSS_FILTER/o_rgb[11]_i_10/O
                         net (fo=4, routed)           0.830    16.869    U_GAUSS_FILTER/o_rgb[11]_i_10_n_0
    SLICE_X33Y29         LUT6 (Prop_lut6_I2_O)        0.124    16.993 r  U_GAUSS_FILTER/o_rgb[8]_i_1_comp/O
                         net (fo=1, routed)           0.000    16.993    U_GAUSS_FILTER/p_6_out[8]
    SLICE_X33Y29         FDCE                                         r  U_GAUSS_FILTER/o_rgb_reg[8]/D
  -------------------------------------------------------------------    -------------------

                         (clock sys_clk_pin rise edge)
                                                     10.000    10.000 r  
    W5                                                0.000    10.000 r  clk (IN)
                         net (fo=0)                   0.000    10.000    clk
    W5                   IBUF (Prop_ibuf_I_O)         1.388    11.388 r  clk_IBUF_inst/O
                         net (fo=1, routed)           1.862    13.250    clk_IBUF
    BUFGCTRL_X0Y0        BUFG (Prop_bufg_I_O)         0.091    13.341 r  clk_IBUF_BUFG_inst/O
                         net (fo=6410, routed)        1.434    14.775    U_GAUSS_FILTER/clk_IBUF_BUFG
    SLICE_X33Y29         FDCE                                         r  U_GAUSS_FILTER/o_rgb_reg[8]/C
                         clock pessimism              0.188    14.963    
                         clock uncertainty           -0.035    14.928    
    SLICE_X33Y29         FDCE (Setup_fdce_C_D)        0.031    14.959    U_GAUSS_FILTER/o_rgb_reg[8]
  -------------------------------------------------------------------
                         required time                         14.959    
                         arrival time                         -16.993    
  -------------------------------------------------------------------
                         slack                                 -2.034    

Slack (VIOLATED) :        -2.025ns  (required time - arrival time)
  Source:                 U_GAUSS_FILTER/sum_r_reg[2]_replica/C
                            (rising edge-triggered cell FDCE clocked by sys_clk_pin  {rise@0.000ns fall@5.000ns period=10.000ns})
  Destination:            U_GAUSS_FILTER/o_rgb_reg[9]/D
                            (rising edge-triggered cell FDCE clocked by sys_clk_pin  {rise@0.000ns fall@5.000ns period=10.000ns})
  Path Group:             sys_clk_pin
  Path Type:              Setup (Max at Slow Process Corner)
  Requirement:            10.000ns  (sys_clk_pin rise@10.000ns - sys_clk_pin rise@0.000ns)
  Data Path Delay:        11.914ns  (logic 5.077ns (42.614%)  route 6.837ns (57.386%))
  Logic Levels:           16  (CARRY4=9 LUT2=1 LUT3=3 LUT4=1 LUT6=2)
  Clock Path Skew:        -0.107ns (DCD - SCD + CPR)
    Destination Clock Delay (DCD):    4.774ns = ( 14.774 - 10.000 ) 
    Source Clock Delay      (SCD):    5.069ns
    Clock Pessimism Removal (CPR):    0.188ns
  Clock Uncertainty:      0.035ns  ((TSJ^2 + TIJ^2)^1/2 + DJ) / 2 + PE
    Total System Jitter     (TSJ):    0.071ns
    Total Input Jitter      (TIJ):    0.000ns
    Discrete Jitter          (DJ):    0.000ns
    Phase Error              (PE):    0.000ns

    Location             Delay type                Incr(ns)  Path(ns)    Netlist Resource(s)
  -------------------------------------------------------------------    -------------------
                         (clock sys_clk_pin rise edge)
                                                      0.000     0.000 r  
    W5                                                0.000     0.000 r  clk (IN)
                         net (fo=0)                   0.000     0.000    clk
    W5                   IBUF (Prop_ibuf_I_O)         1.458     1.458 r  clk_IBUF_inst/O
                         net (fo=1, routed)           1.967     3.425    clk_IBUF
    BUFGCTRL_X0Y0        BUFG (Prop_bufg_I_O)         0.096     3.521 r  clk_IBUF_BUFG_inst/O
                         net (fo=6410, routed)        1.548     5.069    U_GAUSS_FILTER/clk_IBUF_BUFG
    SLICE_X39Y22         FDCE                                         r  U_GAUSS_FILTER/sum_r_reg[2]_replica/C
  -------------------------------------------------------------------    -------------------
    SLICE_X39Y22         FDCE (Prop_fdce_C_Q)         0.456     5.525 f  U_GAUSS_FILTER/sum_r_reg[2]_replica/Q
                         net (fo=16, routed)          0.661     6.187    U_GAUSS_FILTER/sum__0[2]_repN
    SLICE_X39Y21         LUT3 (Prop_lut3_I0_O)        0.124     6.311 r  U_GAUSS_FILTER/o_rgb[11]_i_203/O
                         net (fo=1, routed)           0.610     6.920    U_GAUSS_FILTER/o_rgb[11]_i_203_n_0
    SLICE_X36Y21         CARRY4 (Prop_carry4_DI[3]_CO[3])
                                                      0.385     7.305 r  U_GAUSS_FILTER/o_rgb_reg[11]_i_186/CO[3]
                         net (fo=1, routed)           0.000     7.305    U_GAUSS_FILTER/o_rgb_reg[11]_i_186_n_0
    SLICE_X36Y22         CARRY4 (Prop_carry4_CI_CO[3])
                                                      0.114     7.419 r  U_GAUSS_FILTER/o_rgb_reg[11]_i_146/CO[3]
                         net (fo=1, routed)           0.000     7.419    U_GAUSS_FILTER/o_rgb_reg[11]_i_146_n_0
    SLICE_X36Y23         CARRY4 (Prop_carry4_CI_CO[3])
                                                      0.114     7.533 r  U_GAUSS_FILTER/o_rgb_reg[11]_i_102/CO[3]
                         net (fo=1, routed)           0.000     7.533    U_GAUSS_FILTER/o_rgb_reg[11]_i_102_n_0
    SLICE_X36Y24         CARRY4 (Prop_carry4_CI_CO[0])
                                                      0.271     7.804 f  U_GAUSS_FILTER/o_rgb_reg[11]_i_59/CO[0]
                         net (fo=25, routed)          1.021     8.825    U_GAUSS_FILTER/sum_r_reg[8]_3[0]
    SLICE_X35Y26         LUT3 (Prop_lut3_I1_O)        0.399     9.224 r  U_GAUSS_FILTER/o_rgb[11]_i_63/O
                         net (fo=21, routed)          0.957    10.181    U_GAUSS_FILTER/o_rgb[11]_i_63_n_0
    SLICE_X35Y24         LUT4 (Prop_lut4_I0_O)        0.332    10.513 r  U_GAUSS_FILTER/o_rgb[11]_i_67/O
                         net (fo=1, routed)           0.000    10.513    U_GAUSS_FILTER/o_rgb[11]_i_67_n_0
    SLICE_X35Y24         CARRY4 (Prop_carry4_S[1]_CO[3])
                                                      0.550    11.063 r  U_GAUSS_FILTER/o_rgb_reg[11]_i_31/CO[3]
                         net (fo=1, routed)           0.009    11.072    U_GAUSS_FILTER/o_rgb_reg[11]_i_31_n_0
    SLICE_X35Y25         CARRY4 (Prop_carry4_CI_O[3])
                                                      0.313    11.385 f  U_GAUSS_FILTER/o_rgb_reg[11]_i_35/O[3]
                         net (fo=11, routed)          0.802    12.186    U_GAUSS_FILTER_n_85
    SLICE_X36Y26         LUT3 (Prop_lut3_I0_O)        0.306    12.492 r  o_rgb[11]_i_40/O
                         net (fo=1, routed)           0.344    12.837    o_rgb[11]_i_40_n_0
    SLICE_X34Y26         CARRY4 (Prop_carry4_DI[0]_CO[3])
                                                      0.550    13.387 r  o_rgb_reg[11]_i_14/CO[3]
                         net (fo=1, routed)           0.000    13.387    o_rgb_reg[11]_i_14_n_0
    SLICE_X34Y27         CARRY4 (Prop_carry4_CI_O[0])
                                                      0.219    13.606 r  o_rgb_reg[11]_i_4/O[0]
                         net (fo=11, routed)          0.661    14.267    U_GAUSS_FILTER/o_rgb_reg[8]_0[0]
    SLICE_X33Y26         LUT2 (Prop_lut2_I1_O)        0.295    14.562 r  U_GAUSS_FILTER/o_rgb[11]_i_17/O
                         net (fo=1, routed)           0.000    14.562    U_GAUSS_FILTER/o_rgb[11]_i_17_n_0
    SLICE_X33Y26         CARRY4 (Prop_carry4_S[3]_CO[3])
                                                      0.401    14.963 r  U_GAUSS_FILTER/o_rgb_reg[11]_i_5/CO[3]
                         net (fo=10, routed)          0.953    15.915    U_GAUSS_FILTER/o_rgb_reg[11]_i_5_n_0
    SLICE_X33Y28         LUT6 (Prop_lut6_I4_O)        0.124    16.039 r  U_GAUSS_FILTER/o_rgb[11]_i_10/O
                         net (fo=4, routed)           0.820    16.859    U_GAUSS_FILTER/o_rgb[11]_i_10_n_0
    SLICE_X31Y28         LUT6 (Prop_lut6_I2_O)        0.124    16.983 r  U_GAUSS_FILTER/o_rgb[9]_i_1_comp/O
                         net (fo=1, routed)           0.000    16.983    U_GAUSS_FILTER/p_6_out[9]
    SLICE_X31Y28         FDCE                                         r  U_GAUSS_FILTER/o_rgb_reg[9]/D
  -------------------------------------------------------------------    -------------------

                         (clock sys_clk_pin rise edge)
                                                     10.000    10.000 r  
    W5                                                0.000    10.000 r  clk (IN)
                         net (fo=0)                   0.000    10.000    clk
    W5                   IBUF (Prop_ibuf_I_O)         1.388    11.388 r  clk_IBUF_inst/O
                         net (fo=1, routed)           1.862    13.250    clk_IBUF
    BUFGCTRL_X0Y0        BUFG (Prop_bufg_I_O)         0.091    13.341 r  clk_IBUF_BUFG_inst/O
                         net (fo=6410, routed)        1.433    14.774    U_GAUSS_FILTER/clk_IBUF_BUFG
    SLICE_X31Y28         FDCE                                         r  U_GAUSS_FILTER/o_rgb_reg[9]/C
                         clock pessimism              0.188    14.962    
                         clock uncertainty           -0.035    14.927    
    SLICE_X31Y28         FDCE (Setup_fdce_C_D)        0.031    14.958    U_GAUSS_FILTER/o_rgb_reg[9]
  -------------------------------------------------------------------
                         required time                         14.958    
                         arrival time                         -16.983    
  -------------------------------------------------------------------
                         slack                                 -2.025    

Slack (VIOLATED) :        -1.997ns  (required time - arrival time)
  Source:                 U_GAUSS_FILTER/sum_r_reg[2]_replica/C
                            (rising edge-triggered cell FDCE clocked by sys_clk_pin  {rise@0.000ns fall@5.000ns period=10.000ns})
  Destination:            U_GAUSS_FILTER/o_rgb_reg[11]/D
                            (rising edge-triggered cell FDCE clocked by sys_clk_pin  {rise@0.000ns fall@5.000ns period=10.000ns})
  Path Group:             sys_clk_pin
  Path Type:              Setup (Max at Slow Process Corner)
  Requirement:            10.000ns  (sys_clk_pin rise@10.000ns - sys_clk_pin rise@0.000ns)
  Data Path Delay:        11.885ns  (logic 5.201ns (43.761%)  route 6.684ns (56.239%))
  Logic Levels:           17  (CARRY4=9 LUT2=1 LUT3=3 LUT4=1 LUT5=1 LUT6=2)
  Clock Path Skew:        -0.108ns (DCD - SCD + CPR)
    Destination Clock Delay (DCD):    4.773ns = ( 14.773 - 10.000 ) 
    Source Clock Delay      (SCD):    5.069ns
    Clock Pessimism Removal (CPR):    0.188ns
  Clock Uncertainty:      0.035ns  ((TSJ^2 + TIJ^2)^1/2 + DJ) / 2 + PE
    Total System Jitter     (TSJ):    0.071ns
    Total Input Jitter      (TIJ):    0.000ns
    Discrete Jitter          (DJ):    0.000ns
    Phase Error              (PE):    0.000ns

    Location             Delay type                Incr(ns)  Path(ns)    Netlist Resource(s)
  -------------------------------------------------------------------    -------------------
                         (clock sys_clk_pin rise edge)
                                                      0.000     0.000 r  
    W5                                                0.000     0.000 r  clk (IN)
                         net (fo=0)                   0.000     0.000    clk
    W5                   IBUF (Prop_ibuf_I_O)         1.458     1.458 r  clk_IBUF_inst/O
                         net (fo=1, routed)           1.967     3.425    clk_IBUF
    BUFGCTRL_X0Y0        BUFG (Prop_bufg_I_O)         0.096     3.521 r  clk_IBUF_BUFG_inst/O
                         net (fo=6410, routed)        1.548     5.069    U_GAUSS_FILTER/clk_IBUF_BUFG
    SLICE_X39Y22         FDCE                                         r  U_GAUSS_FILTER/sum_r_reg[2]_replica/C
  -------------------------------------------------------------------    -------------------
    SLICE_X39Y22         FDCE (Prop_fdce_C_Q)         0.456     5.525 f  U_GAUSS_FILTER/sum_r_reg[2]_replica/Q
                         net (fo=16, routed)          0.661     6.187    U_GAUSS_FILTER/sum__0[2]_repN
    SLICE_X39Y21         LUT3 (Prop_lut3_I0_O)        0.124     6.311 r  U_GAUSS_FILTER/o_rgb[11]_i_203/O
                         net (fo=1, routed)           0.610     6.920    U_GAUSS_FILTER/o_rgb[11]_i_203_n_0
    SLICE_X36Y21         CARRY4 (Prop_carry4_DI[3]_CO[3])
                                                      0.385     7.305 r  U_GAUSS_FILTER/o_rgb_reg[11]_i_186/CO[3]
                         net (fo=1, routed)           0.000     7.305    U_GAUSS_FILTER/o_rgb_reg[11]_i_186_n_0
    SLICE_X36Y22         CARRY4 (Prop_carry4_CI_CO[3])
                                                      0.114     7.419 r  U_GAUSS_FILTER/o_rgb_reg[11]_i_146/CO[3]
                         net (fo=1, routed)           0.000     7.419    U_GAUSS_FILTER/o_rgb_reg[11]_i_146_n_0
    SLICE_X36Y23         CARRY4 (Prop_carry4_CI_CO[3])
                                                      0.114     7.533 r  U_GAUSS_FILTER/o_rgb_reg[11]_i_102/CO[3]
                         net (fo=1, routed)           0.000     7.533    U_GAUSS_FILTER/o_rgb_reg[11]_i_102_n_0
    SLICE_X36Y24         CARRY4 (Prop_carry4_CI_CO[0])
                                                      0.271     7.804 f  U_GAUSS_FILTER/o_rgb_reg[11]_i_59/CO[0]
                         net (fo=25, routed)          1.021     8.825    U_GAUSS_FILTER/sum_r_reg[8]_3[0]
    SLICE_X35Y26         LUT3 (Prop_lut3_I1_O)        0.399     9.224 r  U_GAUSS_FILTER/o_rgb[11]_i_63/O
                         net (fo=21, routed)          0.957    10.181    U_GAUSS_FILTER/o_rgb[11]_i_63_n_0
    SLICE_X35Y24         LUT4 (Prop_lut4_I0_O)        0.332    10.513 r  U_GAUSS_FILTER/o_rgb[11]_i_67/O
                         net (fo=1, routed)           0.000    10.513    U_GAUSS_FILTER/o_rgb[11]_i_67_n_0
    SLICE_X35Y24         CARRY4 (Prop_carry4_S[1]_CO[3])
                                                      0.550    11.063 r  U_GAUSS_FILTER/o_rgb_reg[11]_i_31/CO[3]
                         net (fo=1, routed)           0.009    11.072    U_GAUSS_FILTER/o_rgb_reg[11]_i_31_n_0
    SLICE_X35Y25         CARRY4 (Prop_carry4_CI_O[3])
                                                      0.313    11.385 f  U_GAUSS_FILTER/o_rgb_reg[11]_i_35/O[3]
                         net (fo=11, routed)          0.802    12.186    U_GAUSS_FILTER_n_85
    SLICE_X36Y26         LUT3 (Prop_lut3_I0_O)        0.306    12.492 r  o_rgb[11]_i_40/O
                         net (fo=1, routed)           0.344    12.837    o_rgb[11]_i_40_n_0
    SLICE_X34Y26         CARRY4 (Prop_carry4_DI[0]_CO[3])
                                                      0.550    13.387 r  o_rgb_reg[11]_i_14/CO[3]
                         net (fo=1, routed)           0.000    13.387    o_rgb_reg[11]_i_14_n_0
    SLICE_X34Y27         CARRY4 (Prop_carry4_CI_O[0])
                                                      0.219    13.606 r  o_rgb_reg[11]_i_4/O[0]
                         net (fo=11, routed)          0.661    14.267    U_GAUSS_FILTER/o_rgb_reg[8]_0[0]
    SLICE_X33Y26         LUT2 (Prop_lut2_I1_O)        0.295    14.562 r  U_GAUSS_FILTER/o_rgb[11]_i_17/O
                         net (fo=1, routed)           0.000    14.562    U_GAUSS_FILTER/o_rgb[11]_i_17_n_0
    SLICE_X33Y26         CARRY4 (Prop_carry4_S[3]_CO[3])
                                                      0.401    14.963 r  U_GAUSS_FILTER/o_rgb_reg[11]_i_5/CO[3]
                         net (fo=10, routed)          0.850    15.813    U_GAUSS_FILTER/o_rgb_reg[11]_i_5_n_0
    SLICE_X33Y27         LUT6 (Prop_lut6_I4_O)        0.124    15.937 r  U_GAUSS_FILTER/o_rgb[11]_i_12/O
                         net (fo=4, routed)           0.337    16.273    U_GAUSS_FILTER/o_rgb[11]_i_12_n_0
    SLICE_X35Y27         LUT5 (Prop_lut5_I4_O)        0.124    16.397 r  U_GAUSS_FILTER/o_rgb[11]_i_2_comp_1/O
                         net (fo=1, routed)           0.433    16.830    U_GAUSS_FILTER/o_rgb[11]_i_2_n_0_repN_1
    SLICE_X35Y28         LUT6 (Prop_lut6_I5_O)        0.124    16.954 r  U_GAUSS_FILTER/o_rgb[11]_i_1_comp/O
                         net (fo=1, routed)           0.000    16.954    U_GAUSS_FILTER/p_6_out[11]
    SLICE_X35Y28         FDCE                                         r  U_GAUSS_FILTER/o_rgb_reg[11]/D
  -------------------------------------------------------------------    -------------------

                         (clock sys_clk_pin rise edge)
                                                     10.000    10.000 r  
    W5                                                0.000    10.000 r  clk (IN)
                         net (fo=0)                   0.000    10.000    clk
    W5                   IBUF (Prop_ibuf_I_O)         1.388    11.388 r  clk_IBUF_inst/O
                         net (fo=1, routed)           1.862    13.250    clk_IBUF
    BUFGCTRL_X0Y0        BUFG (Prop_bufg_I_O)         0.091    13.341 r  clk_IBUF_BUFG_inst/O
                         net (fo=6410, routed)        1.432    14.773    U_GAUSS_FILTER/clk_IBUF_BUFG
    SLICE_X35Y28         FDCE                                         r  U_GAUSS_FILTER/o_rgb_reg[11]/C
                         clock pessimism              0.188    14.961    
                         clock uncertainty           -0.035    14.926    
    SLICE_X35Y28         FDCE (Setup_fdce_C_D)        0.031    14.957    U_GAUSS_FILTER/o_rgb_reg[11]
  -------------------------------------------------------------------
                         required time                         14.957    
                         arrival time                         -16.954    
  -------------------------------------------------------------------
                         slack                                 -1.997    





Min Delay Paths
--------------------------------------------------------------------------------------
Slack (MET) :             0.040ns  (arrival time - required time)
  Source:                 U_GAUSS_FILTER/v_sync_d_reg_p_3073/C
                            (rising edge-triggered cell FDPE clocked by sys_clk_pin  {rise@0.000ns fall@5.000ns period=10.000ns})
  Destination:            U_GAUSS_FILTER/v_sync_d_reg_p_3074/D
                            (rising edge-triggered cell FDPE clocked by sys_clk_pin  {rise@0.000ns fall@5.000ns period=10.000ns})
  Path Group:             sys_clk_pin
  Path Type:              Hold (Min at Fast Process Corner)
  Requirement:            0.000ns  (sys_clk_pin rise@0.000ns - sys_clk_pin rise@0.000ns)
  Data Path Delay:        0.372ns  (logic 0.164ns (44.123%)  route 0.208ns (55.877%))
  Logic Levels:           0  
  Clock Path Skew:        0.262ns (DCD - SCD - CPR)
    Destination Clock Delay (DCD):    1.950ns
    Source Clock Delay      (SCD):    1.439ns
    Clock Pessimism Removal (CPR):    0.249ns

    Location             Delay type                Incr(ns)  Path(ns)    Netlist Resource(s)
  -------------------------------------------------------------------    -------------------
                         (clock sys_clk_pin rise edge)
                                                      0.000     0.000 r  
    W5                                                0.000     0.000 r  clk (IN)
                         net (fo=0)                   0.000     0.000    clk
    W5                   IBUF (Prop_ibuf_I_O)         0.226     0.226 r  clk_IBUF_inst/O
                         net (fo=1, routed)           0.631     0.858    clk_IBUF
    BUFGCTRL_X0Y0        BUFG (Prop_bufg_I_O)         0.026     0.884 r  clk_IBUF_BUFG_inst/O
                         net (fo=6410, routed)        0.556     1.439    U_GAUSS_FILTER/clk_IBUF_BUFG
    SLICE_X34Y84         FDPE                                         r  U_GAUSS_FILTER/v_sync_d_reg_p_3073/C
  -------------------------------------------------------------------    -------------------
    SLICE_X34Y84         FDPE (Prop_fdpe_C_Q)         0.164     1.603 r  U_GAUSS_FILTER/v_sync_d_reg_p_3073/Q
                         net (fo=1, routed)           0.208     1.811    U_GAUSS_FILTER/v_sync_d_reg_p_3073_n_0
    SLICE_X37Y83         FDPE                                         r  U_GAUSS_FILTER/v_sync_d_reg_p_3074/D
  -------------------------------------------------------------------    -------------------

                         (clock sys_clk_pin rise edge)
                                                      0.000     0.000 r  
    W5                                                0.000     0.000 r  clk (IN)
                         net (fo=0)                   0.000     0.000    clk
    W5                   IBUF (Prop_ibuf_I_O)         0.414     0.414 r  clk_IBUF_inst/O
                         net (fo=1, routed)           0.685     1.099    clk_IBUF
    BUFGCTRL_X0Y0        BUFG (Prop_bufg_I_O)         0.029     1.128 r  clk_IBUF_BUFG_inst/O
                         net (fo=6410, routed)        0.822     1.950    U_GAUSS_FILTER/clk_IBUF_BUFG
    SLICE_X37Y83         FDPE                                         r  U_GAUSS_FILTER/v_sync_d_reg_p_3074/C
                         clock pessimism             -0.249     1.701    
    SLICE_X37Y83         FDPE (Hold_fdpe_C_D)         0.070     1.771    U_GAUSS_FILTER/v_sync_d_reg_p_3074
  -------------------------------------------------------------------
                         required time                         -1.771    
                         arrival time                           1.811    
  -------------------------------------------------------------------
                         slack                                  0.040    

Slack (MET) :             0.040ns  (arrival time - required time)
  Source:                 U_GAUSS_FILTER/line_buf4_reg_c_769_c/C
                            (rising edge-triggered cell FDCE clocked by sys_clk_pin  {rise@0.000ns fall@5.000ns period=10.000ns})
  Destination:            U_GAUSS_FILTER/line_buf4_reg_c_770_c/D
                            (rising edge-triggered cell FDCE clocked by sys_clk_pin  {rise@0.000ns fall@5.000ns period=10.000ns})
  Path Group:             sys_clk_pin
  Path Type:              Hold (Min at Fast Process Corner)
  Requirement:            0.000ns  (sys_clk_pin rise@0.000ns - sys_clk_pin rise@0.000ns)
  Data Path Delay:        0.384ns  (logic 0.141ns (36.683%)  route 0.243ns (63.317%))
  Logic Levels:           0  
  Clock Path Skew:        0.269ns (DCD - SCD - CPR)
    Destination Clock Delay (DCD):    1.962ns
    Source Clock Delay      (SCD):    1.449ns
    Clock Pessimism Removal (CPR):    0.244ns

    Location             Delay type                Incr(ns)  Path(ns)    Netlist Resource(s)
  -------------------------------------------------------------------    -------------------
                         (clock sys_clk_pin rise edge)
                                                      0.000     0.000 r  
    W5                                                0.000     0.000 r  clk (IN)
                         net (fo=0)                   0.000     0.000    clk
    W5                   IBUF (Prop_ibuf_I_O)         0.226     0.226 r  clk_IBUF_inst/O
                         net (fo=1, routed)           0.631     0.858    clk_IBUF
    BUFGCTRL_X0Y0        BUFG (Prop_bufg_I_O)         0.026     0.884 r  clk_IBUF_BUFG_inst/O
                         net (fo=6410, routed)        0.566     1.449    U_GAUSS_FILTER/clk_IBUF_BUFG
    SLICE_X13Y45         FDCE                                         r  U_GAUSS_FILTER/line_buf4_reg_c_769_c/C
  -------------------------------------------------------------------    -------------------
    SLICE_X13Y45         FDCE (Prop_fdce_C_Q)         0.141     1.590 r  U_GAUSS_FILTER/line_buf4_reg_c_769_c/Q
                         net (fo=1, routed)           0.243     1.834    U_GAUSS_FILTER/line_buf4_reg_c_769_c_n_0
    SLICE_X14Y52         FDCE                                         r  U_GAUSS_FILTER/line_buf4_reg_c_770_c/D
  -------------------------------------------------------------------    -------------------

                         (clock sys_clk_pin rise edge)
                                                      0.000     0.000 r  
    W5                                                0.000     0.000 r  clk (IN)
                         net (fo=0)                   0.000     0.000    clk
    W5                   IBUF (Prop_ibuf_I_O)         0.414     0.414 r  clk_IBUF_inst/O
                         net (fo=1, routed)           0.685     1.099    clk_IBUF
    BUFGCTRL_X0Y0        BUFG (Prop_bufg_I_O)         0.029     1.128 r  clk_IBUF_BUFG_inst/O
                         net (fo=6410, routed)        0.834     1.962    U_GAUSS_FILTER/clk_IBUF_BUFG
    SLICE_X14Y52         FDCE                                         r  U_GAUSS_FILTER/line_buf4_reg_c_770_c/C
                         clock pessimism             -0.244     1.718    
    SLICE_X14Y52         FDCE (Hold_fdce_C_D)         0.075     1.793    U_GAUSS_FILTER/line_buf4_reg_c_770_c
  -------------------------------------------------------------------
                         required time                         -1.793    
                         arrival time                           1.834    
  -------------------------------------------------------------------
                         slack                                  0.040    

Slack (MET) :             0.043ns  (arrival time - required time)
  Source:                 U_FILTER_APPLY/U_BLUE/o_rgb_reg[5]/C
                            (rising edge-triggered cell FDCE clocked by sys_clk_pin  {rise@0.000ns fall@5.000ns period=10.000ns})
  Destination:            U_FILTER_APPLY/U_GRAY/s1_rgb_reg[5]/D
                            (rising edge-triggered cell FDCE clocked by sys_clk_pin  {rise@0.000ns fall@5.000ns period=10.000ns})
  Path Group:             sys_clk_pin
  Path Type:              Hold (Min at Fast Process Corner)
  Requirement:            0.000ns  (sys_clk_pin rise@0.000ns - sys_clk_pin rise@0.000ns)
  Data Path Delay:        0.382ns  (logic 0.141ns (36.889%)  route 0.241ns (63.111%))
  Logic Levels:           0  
  Clock Path Skew:        0.264ns (DCD - SCD - CPR)
    Destination Clock Delay (DCD):    1.954ns
    Source Clock Delay      (SCD):    1.441ns
    Clock Pessimism Removal (CPR):    0.249ns

    Location             Delay type                Incr(ns)  Path(ns)    Netlist Resource(s)
  -------------------------------------------------------------------    -------------------
                         (clock sys_clk_pin rise edge)
                                                      0.000     0.000 r  
    W5                                                0.000     0.000 r  clk (IN)
                         net (fo=0)                   0.000     0.000    clk
    W5                   IBUF (Prop_ibuf_I_O)         0.226     0.226 r  clk_IBUF_inst/O
                         net (fo=1, routed)           0.631     0.858    clk_IBUF
    BUFGCTRL_X0Y0        BUFG (Prop_bufg_I_O)         0.026     0.884 r  clk_IBUF_BUFG_inst/O
                         net (fo=6410, routed)        0.558     1.441    U_FILTER_APPLY/U_BLUE/clk_IBUF_BUFG
    SLICE_X36Y33         FDCE                                         r  U_FILTER_APPLY/U_BLUE/o_rgb_reg[5]/C
  -------------------------------------------------------------------    -------------------
    SLICE_X36Y33         FDCE (Prop_fdce_C_Q)         0.141     1.582 r  U_FILTER_APPLY/U_BLUE/o_rgb_reg[5]/Q
                         net (fo=11, routed)          0.241     1.823    U_FILTER_APPLY/U_GRAY/s1_rgb_reg[11]_1[5]
    SLICE_X32Y35         FDCE                                         r  U_FILTER_APPLY/U_GRAY/s1_rgb_reg[5]/D
  -------------------------------------------------------------------    -------------------

                         (clock sys_clk_pin rise edge)
                                                      0.000     0.000 r  
    W5                                                0.000     0.000 r  clk (IN)
                         net (fo=0)                   0.000     0.000    clk
    W5                   IBUF (Prop_ibuf_I_O)         0.414     0.414 r  clk_IBUF_inst/O
                         net (fo=1, routed)           0.685     1.099    clk_IBUF
    BUFGCTRL_X0Y0        BUFG (Prop_bufg_I_O)         0.029     1.128 r  clk_IBUF_BUFG_inst/O
                         net (fo=6410, routed)        0.827     1.954    U_FILTER_APPLY/U_GRAY/clk_IBUF_BUFG
    SLICE_X32Y35         FDCE                                         r  U_FILTER_APPLY/U_GRAY/s1_rgb_reg[5]/C
                         clock pessimism             -0.249     1.705    
    SLICE_X32Y35         FDCE (Hold_fdce_C_D)         0.075     1.780    U_FILTER_APPLY/U_GRAY/s1_rgb_reg[5]
  -------------------------------------------------------------------
                         required time                         -1.780    
                         arrival time                           1.823    
  -------------------------------------------------------------------
                         slack                                  0.043    

Slack (MET) :             0.065ns  (arrival time - required time)
  Source:                 U_FILTER_APPLY/U_BLUE/o_rgb_reg[4]/C
                            (rising edge-triggered cell FDCE clocked by sys_clk_pin  {rise@0.000ns fall@5.000ns period=10.000ns})
  Destination:            U_FILTER_APPLY/U_GRAY/s1_g_reg[1]/D
                            (rising edge-triggered cell FDCE clocked by sys_clk_pin  {rise@0.000ns fall@5.000ns period=10.000ns})
  Path Group:             sys_clk_pin
  Path Type:              Hold (Min at Fast Process Corner)
  Requirement:            0.000ns  (sys_clk_pin rise@0.000ns - sys_clk_pin rise@0.000ns)
  Data Path Delay:        0.432ns  (logic 0.256ns (59.273%)  route 0.176ns (40.727%))
  Logic Levels:           1  (CARRY4=1)
  Clock Path Skew:        0.262ns (DCD - SCD - CPR)
    Destination Clock Delay (DCD):    1.952ns
    Source Clock Delay      (SCD):    1.441ns
    Clock Pessimism Removal (CPR):    0.249ns

    Location             Delay type                Incr(ns)  Path(ns)    Netlist Resource(s)
  -------------------------------------------------------------------    -------------------
                         (clock sys_clk_pin rise edge)
                                                      0.000     0.000 r  
    W5                                                0.000     0.000 r  clk (IN)
                         net (fo=0)                   0.000     0.000    clk
    W5                   IBUF (Prop_ibuf_I_O)         0.226     0.226 r  clk_IBUF_inst/O
                         net (fo=1, routed)           0.631     0.858    clk_IBUF
    BUFGCTRL_X0Y0        BUFG (Prop_bufg_I_O)         0.026     0.884 r  clk_IBUF_BUFG_inst/O
                         net (fo=6410, routed)        0.558     1.441    U_FILTER_APPLY/U_BLUE/clk_IBUF_BUFG
    SLICE_X36Y33         FDCE                                         r  U_FILTER_APPLY/U_BLUE/o_rgb_reg[4]/C
  -------------------------------------------------------------------    -------------------
    SLICE_X36Y33         FDCE (Prop_fdce_C_Q)         0.141     1.582 r  U_FILTER_APPLY/U_BLUE/o_rgb_reg[4]/Q
                         net (fo=9, routed)           0.176     1.758    U_FILTER_APPLY/U_GRAY/s1_rgb_reg[11]_1[4]
    SLICE_X35Y34         CARRY4 (Prop_carry4_S[0]_O[0])
                                                      0.115     1.873 r  U_FILTER_APPLY/U_GRAY/s1_g_reg[4]_i_1/O[0]
                         net (fo=1, routed)           0.000     1.873    U_FILTER_APPLY/U_GRAY/s1_g_reg[4]_i_1_n_7
    SLICE_X35Y34         FDCE                                         r  U_FILTER_APPLY/U_GRAY/s1_g_reg[1]/D
  -------------------------------------------------------------------    -------------------

                         (clock sys_clk_pin rise edge)
                                                      0.000     0.000 r  
    W5                                                0.000     0.000 r  clk (IN)
                         net (fo=0)                   0.000     0.000    clk
    W5                   IBUF (Prop_ibuf_I_O)         0.414     0.414 r  clk_IBUF_inst/O
                         net (fo=1, routed)           0.685     1.099    clk_IBUF
    BUFGCTRL_X0Y0        BUFG (Prop_bufg_I_O)         0.029     1.128 r  clk_IBUF_BUFG_inst/O
                         net (fo=6410, routed)        0.825     1.952    U_FILTER_APPLY/U_GRAY/clk_IBUF_BUFG
    SLICE_X35Y34         FDCE                                         r  U_FILTER_APPLY/U_GRAY/s1_g_reg[1]/C
                         clock pessimism             -0.249     1.703    
    SLICE_X35Y34         FDCE (Hold_fdce_C_D)         0.105     1.808    U_FILTER_APPLY/U_GRAY/s1_g_reg[1]
  -------------------------------------------------------------------
                         required time                         -1.808    
                         arrival time                           1.873    
  -------------------------------------------------------------------
                         slack                                  0.065    

Slack (MET) :             0.068ns  (arrival time - required time)
  Source:                 U_FILTER_APPLY/U_GRAY/s1_rgb_reg[3]/C
                            (rising edge-triggered cell FDCE clocked by sys_clk_pin  {rise@0.000ns fall@5.000ns period=10.000ns})
  Destination:            U_FILTER_APPLY/U_GRAY/o_rgb_reg[3]/D
                            (rising edge-triggered cell FDCE clocked by sys_clk_pin  {rise@0.000ns fall@5.000ns period=10.000ns})
  Path Group:             sys_clk_pin
  Path Type:              Hold (Min at Fast Process Corner)
  Requirement:            0.000ns  (sys_clk_pin rise@0.000ns - sys_clk_pin rise@0.000ns)
  Data Path Delay:        0.423ns  (logic 0.186ns (44.003%)  route 0.237ns (55.997%))
  Logic Levels:           1  (LUT6=1)
  Clock Path Skew:        0.263ns (DCD - SCD - CPR)
    Destination Clock Delay (DCD):    1.954ns
    Source Clock Delay      (SCD):    1.442ns
    Clock Pessimism Removal (CPR):    0.249ns

    Location             Delay type                Incr(ns)  Path(ns)    Netlist Resource(s)
  -------------------------------------------------------------------    -------------------
                         (clock sys_clk_pin rise edge)
                                                      0.000     0.000 r  
    W5                                                0.000     0.000 r  clk (IN)
                         net (fo=0)                   0.000     0.000    clk
    W5                   IBUF (Prop_ibuf_I_O)         0.226     0.226 r  clk_IBUF_inst/O
                         net (fo=1, routed)           0.631     0.858    clk_IBUF
    BUFGCTRL_X0Y0        BUFG (Prop_bufg_I_O)         0.026     0.884 r  clk_IBUF_BUFG_inst/O
                         net (fo=6410, routed)        0.559     1.442    U_FILTER_APPLY/U_GRAY/clk_IBUF_BUFG
    SLICE_X36Y36         FDCE                                         r  U_FILTER_APPLY/U_GRAY/s1_rgb_reg[3]/C
  -------------------------------------------------------------------    -------------------
    SLICE_X36Y36         FDCE (Prop_fdce_C_Q)         0.141     1.583 r  U_FILTER_APPLY/U_GRAY/s1_rgb_reg[3]/Q
                         net (fo=1, routed)           0.237     1.820    U_FILTER_CONTROL/o_rgb_reg[11]_3[1]
    SLICE_X35Y37         LUT6 (Prop_lut6_I1_O)        0.045     1.865 r  U_FILTER_CONTROL/o_rgb[3]_i_1__5/O
                         net (fo=1, routed)           0.000     1.865    U_FILTER_APPLY/U_GRAY/o_rgb_reg[11]_2[3]
    SLICE_X35Y37         FDCE                                         r  U_FILTER_APPLY/U_GRAY/o_rgb_reg[3]/D
  -------------------------------------------------------------------    -------------------

                         (clock sys_clk_pin rise edge)
                                                      0.000     0.000 r  
    W5                                                0.000     0.000 r  clk (IN)
                         net (fo=0)                   0.000     0.000    clk
    W5                   IBUF (Prop_ibuf_I_O)         0.414     0.414 r  clk_IBUF_inst/O
                         net (fo=1, routed)           0.685     1.099    clk_IBUF
    BUFGCTRL_X0Y0        BUFG (Prop_bufg_I_O)         0.029     1.128 r  clk_IBUF_BUFG_inst/O
                         net (fo=6410, routed)        0.827     1.954    U_FILTER_APPLY/U_GRAY/clk_IBUF_BUFG
    SLICE_X35Y37         FDCE                                         r  U_FILTER_APPLY/U_GRAY/o_rgb_reg[3]/C
                         clock pessimism             -0.249     1.705    
    SLICE_X35Y37         FDCE (Hold_fdce_C_D)         0.092     1.797    U_FILTER_APPLY/U_GRAY/o_rgb_reg[3]
  -------------------------------------------------------------------
                         required time                         -1.797    
                         arrival time                           1.865    
  -------------------------------------------------------------------
                         slack                                  0.068    

Slack (MET) :             0.068ns  (arrival time - required time)
  Source:                 U_GAUSS_FILTER/v_sync_d_reg_p_3984/C
                            (rising edge-triggered cell FDPE clocked by sys_clk_pin  {rise@0.000ns fall@5.000ns period=10.000ns})
  Destination:            U_GAUSS_FILTER/v_sync_d_reg_p_3985/D
                            (rising edge-triggered cell FDPE clocked by sys_clk_pin  {rise@0.000ns fall@5.000ns period=10.000ns})
  Path Group:             sys_clk_pin
  Path Type:              Hold (Min at Fast Process Corner)
  Requirement:            0.000ns  (sys_clk_pin rise@0.000ns - sys_clk_pin rise@0.000ns)
  Data Path Delay:        0.402ns  (logic 0.164ns (40.771%)  route 0.238ns (59.229%))
  Logic Levels:           0  
  Clock Path Skew:        0.264ns (DCD - SCD - CPR)
    Destination Clock Delay (DCD):    1.957ns
    Source Clock Delay      (SCD):    1.444ns
    Clock Pessimism Removal (CPR):    0.249ns

    Location             Delay type                Incr(ns)  Path(ns)    Netlist Resource(s)
  -------------------------------------------------------------------    -------------------
                         (clock sys_clk_pin rise edge)
                                                      0.000     0.000 r  
    W5                                                0.000     0.000 r  clk (IN)
                         net (fo=0)                   0.000     0.000    clk
    W5                   IBUF (Prop_ibuf_I_O)         0.226     0.226 r  clk_IBUF_inst/O
                         net (fo=1, routed)           0.631     0.858    clk_IBUF
    BUFGCTRL_X0Y0        BUFG (Prop_bufg_I_O)         0.026     0.884 r  clk_IBUF_BUFG_inst/O
                         net (fo=6410, routed)        0.561     1.444    U_GAUSS_FILTER/clk_IBUF_BUFG
    SLICE_X34Y41         FDPE                                         r  U_GAUSS_FILTER/v_sync_d_reg_p_3984/C
  -------------------------------------------------------------------    -------------------
    SLICE_X34Y41         FDPE (Prop_fdpe_C_Q)         0.164     1.608 r  U_GAUSS_FILTER/v_sync_d_reg_p_3984/Q
                         net (fo=1, routed)           0.238     1.846    U_GAUSS_FILTER/v_sync_d_reg_p_3984_n_0
    SLICE_X39Y38         FDPE                                         r  U_GAUSS_FILTER/v_sync_d_reg_p_3985/D
  -------------------------------------------------------------------    -------------------

                         (clock sys_clk_pin rise edge)
                                                      0.000     0.000 r  
    W5                                                0.000     0.000 r  clk (IN)
                         net (fo=0)                   0.000     0.000    clk
    W5                   IBUF (Prop_ibuf_I_O)         0.414     0.414 r  clk_IBUF_inst/O
                         net (fo=1, routed)           0.685     1.099    clk_IBUF
    BUFGCTRL_X0Y0        BUFG (Prop_bufg_I_O)         0.029     1.128 r  clk_IBUF_BUFG_inst/O
                         net (fo=6410, routed)        0.830     1.957    U_GAUSS_FILTER/clk_IBUF_BUFG
    SLICE_X39Y38         FDPE                                         r  U_GAUSS_FILTER/v_sync_d_reg_p_3985/C
                         clock pessimism             -0.249     1.708    
    SLICE_X39Y38         FDPE (Hold_fdpe_C_D)         0.070     1.778    U_GAUSS_FILTER/v_sync_d_reg_p_3985
  -------------------------------------------------------------------
                         required time                         -1.778    
                         arrival time                           1.846    
  -------------------------------------------------------------------
                         slack                                  0.068    

Slack (MET) :             0.081ns  (arrival time - required time)
  Source:                 U_GAUSS_FILTER/r3_c3_reg[3]/C
                            (rising edge-triggered cell FDCE clocked by sys_clk_pin  {rise@0.000ns fall@5.000ns period=10.000ns})
  Destination:            U_GAUSS_FILTER/r3_c4_reg[3]/D
                            (rising edge-triggered cell FDCE clocked by sys_clk_pin  {rise@0.000ns fall@5.000ns period=10.000ns})
  Path Group:             sys_clk_pin
  Path Type:              Hold (Min at Fast Process Corner)
  Requirement:            0.000ns  (sys_clk_pin rise@0.000ns - sys_clk_pin rise@0.000ns)
  Data Path Delay:        0.366ns  (logic 0.128ns (34.981%)  route 0.238ns (65.019%))
  Logic Levels:           0  
  Clock Path Skew:        0.272ns (DCD - SCD - CPR)
    Destination Clock Delay (DCD):    1.964ns
    Source Clock Delay      (SCD):    1.448ns
    Clock Pessimism Removal (CPR):    0.244ns

    Location             Delay type                Incr(ns)  Path(ns)    Netlist Resource(s)
  -------------------------------------------------------------------    -------------------
                         (clock sys_clk_pin rise edge)
                                                      0.000     0.000 r  
    W5                                                0.000     0.000 r  clk (IN)
                         net (fo=0)                   0.000     0.000    clk
    W5                   IBUF (Prop_ibuf_I_O)         0.226     0.226 r  clk_IBUF_inst/O
                         net (fo=1, routed)           0.631     0.858    clk_IBUF
    BUFGCTRL_X0Y0        BUFG (Prop_bufg_I_O)         0.026     0.884 r  clk_IBUF_BUFG_inst/O
                         net (fo=6410, routed)        0.565     1.448    U_GAUSS_FILTER/clk_IBUF_BUFG
    SLICE_X13Y50         FDCE                                         r  U_GAUSS_FILTER/r3_c3_reg[3]/C
  -------------------------------------------------------------------    -------------------
    SLICE_X13Y50         FDCE (Prop_fdce_C_Q)         0.128     1.576 r  U_GAUSS_FILTER/r3_c3_reg[3]/Q
                         net (fo=5, routed)           0.238     1.814    U_GAUSS_FILTER/r3_c3_reg_n_0_[3]
    SLICE_X13Y49         FDCE                                         r  U_GAUSS_FILTER/r3_c4_reg[3]/D
  -------------------------------------------------------------------    -------------------

                         (clock sys_clk_pin rise edge)
                                                      0.000     0.000 r  
    W5                                                0.000     0.000 r  clk (IN)
                         net (fo=0)                   0.000     0.000    clk
    W5                   IBUF (Prop_ibuf_I_O)         0.414     0.414 r  clk_IBUF_inst/O
                         net (fo=1, routed)           0.685     1.099    clk_IBUF
    BUFGCTRL_X0Y0        BUFG (Prop_bufg_I_O)         0.029     1.128 r  clk_IBUF_BUFG_inst/O
                         net (fo=6410, routed)        0.837     1.964    U_GAUSS_FILTER/clk_IBUF_BUFG
    SLICE_X13Y49         FDCE                                         r  U_GAUSS_FILTER/r3_c4_reg[3]/C
                         clock pessimism             -0.244     1.720    
    SLICE_X13Y49         FDCE (Hold_fdce_C_D)         0.013     1.733    U_GAUSS_FILTER/r3_c4_reg[3]
  -------------------------------------------------------------------
                         required time                         -1.733    
                         arrival time                           1.814    
  -------------------------------------------------------------------
                         slack                                  0.081    

Slack (MET) :             0.098ns  (arrival time - required time)
  Source:                 U_GAUSS_FILTER/line_buf4_reg[799][9]_line_buf4_reg_c_793/C
                            (rising edge-triggered cell FDRE clocked by sys_clk_pin  {rise@0.000ns fall@5.000ns period=10.000ns})
  Destination:            U_GAUSS_FILTER/r4_c0_reg[9]/D
                            (rising edge-triggered cell FDCE clocked by sys_clk_pin  {rise@0.000ns fall@5.000ns period=10.000ns})
  Path Group:             sys_clk_pin
  Path Type:              Hold (Min at Fast Process Corner)
  Requirement:            0.000ns  (sys_clk_pin rise@0.000ns - sys_clk_pin rise@0.000ns)
  Data Path Delay:        0.471ns  (logic 0.210ns (44.606%)  route 0.261ns (55.394%))
  Logic Levels:           1  (LUT2=1)
  Clock Path Skew:        0.266ns (DCD - SCD - CPR)
    Destination Clock Delay (DCD):    1.951ns
    Source Clock Delay      (SCD):    1.436ns
    Clock Pessimism Removal (CPR):    0.249ns

    Location             Delay type                Incr(ns)  Path(ns)    Netlist Resource(s)
  -------------------------------------------------------------------    -------------------
                         (clock sys_clk_pin rise edge)
                                                      0.000     0.000 r  
    W5                                                0.000     0.000 r  clk (IN)
                         net (fo=0)                   0.000     0.000    clk
    W5                   IBUF (Prop_ibuf_I_O)         0.226     0.226 r  clk_IBUF_inst/O
                         net (fo=1, routed)           0.631     0.858    clk_IBUF
    BUFGCTRL_X0Y0        BUFG (Prop_bufg_I_O)         0.026     0.884 r  clk_IBUF_BUFG_inst/O
                         net (fo=6410, routed)        0.553     1.436    U_GAUSS_FILTER/clk_IBUF_BUFG
    SLICE_X38Y21         FDRE                                         r  U_GAUSS_FILTER/line_buf4_reg[799][9]_line_buf4_reg_c_793/C
  -------------------------------------------------------------------    -------------------
    SLICE_X38Y21         FDRE (Prop_fdre_C_Q)         0.164     1.600 r  U_GAUSS_FILTER/line_buf4_reg[799][9]_line_buf4_reg_c_793/Q
                         net (fo=1, routed)           0.261     1.861    U_GAUSS_FILTER/line_buf4_reg[799][9]_line_buf4_reg_c_793_n_0
    SLICE_X35Y16         LUT2 (Prop_lut2_I0_O)        0.046     1.907 r  U_GAUSS_FILTER/line_buf4_reg_gate__1/O
                         net (fo=1, routed)           0.000     1.907    U_GAUSS_FILTER/line_buf4_reg_gate__1_n_0
    SLICE_X35Y16         FDCE                                         r  U_GAUSS_FILTER/r4_c0_reg[9]/D
  -------------------------------------------------------------------    -------------------

                         (clock sys_clk_pin rise edge)
                                                      0.000     0.000 r  
    W5                                                0.000     0.000 r  clk (IN)
                         net (fo=0)                   0.000     0.000    clk
    W5                   IBUF (Prop_ibuf_I_O)         0.414     0.414 r  clk_IBUF_inst/O
                         net (fo=1, routed)           0.685     1.099    clk_IBUF
    BUFGCTRL_X0Y0        BUFG (Prop_bufg_I_O)         0.029     1.128 r  clk_IBUF_BUFG_inst/O
                         net (fo=6410, routed)        0.824     1.951    U_GAUSS_FILTER/clk_IBUF_BUFG
    SLICE_X35Y16         FDCE                                         r  U_GAUSS_FILTER/r4_c0_reg[9]/C
                         clock pessimism             -0.249     1.702    
    SLICE_X35Y16         FDCE (Hold_fdce_C_D)         0.107     1.809    U_GAUSS_FILTER/r4_c0_reg[9]
  -------------------------------------------------------------------
                         required time                         -1.809    
                         arrival time                           1.907    
  -------------------------------------------------------------------
                         slack                                  0.098    

Slack (MET) :             0.101ns  (arrival time - required time)
  Source:                 U_FILTER_APPLY/U_BLUE/o_rgb_reg[4]/C
                            (rising edge-triggered cell FDCE clocked by sys_clk_pin  {rise@0.000ns fall@5.000ns period=10.000ns})
  Destination:            U_FILTER_APPLY/U_GRAY/s1_g_reg[2]/D
                            (rising edge-triggered cell FDCE clocked by sys_clk_pin  {rise@0.000ns fall@5.000ns period=10.000ns})
  Path Group:             sys_clk_pin
  Path Type:              Hold (Min at Fast Process Corner)
  Requirement:            0.000ns  (sys_clk_pin rise@0.000ns - sys_clk_pin rise@0.000ns)
  Data Path Delay:        0.468ns  (logic 0.292ns (62.406%)  route 0.176ns (37.594%))
  Logic Levels:           1  (CARRY4=1)
  Clock Path Skew:        0.262ns (DCD - SCD - CPR)
    Destination Clock Delay (DCD):    1.952ns
    Source Clock Delay      (SCD):    1.441ns
    Clock Pessimism Removal (CPR):    0.249ns

    Location             Delay type                Incr(ns)  Path(ns)    Netlist Resource(s)
  -------------------------------------------------------------------    -------------------
                         (clock sys_clk_pin rise edge)
                                                      0.000     0.000 r  
    W5                                                0.000     0.000 r  clk (IN)
                         net (fo=0)                   0.000     0.000    clk
    W5                   IBUF (Prop_ibuf_I_O)         0.226     0.226 r  clk_IBUF_inst/O
                         net (fo=1, routed)           0.631     0.858    clk_IBUF
    BUFGCTRL_X0Y0        BUFG (Prop_bufg_I_O)         0.026     0.884 r  clk_IBUF_BUFG_inst/O
                         net (fo=6410, routed)        0.558     1.441    U_FILTER_APPLY/U_BLUE/clk_IBUF_BUFG
    SLICE_X36Y33         FDCE                                         r  U_FILTER_APPLY/U_BLUE/o_rgb_reg[4]/C
  -------------------------------------------------------------------    -------------------
    SLICE_X36Y33         FDCE (Prop_fdce_C_Q)         0.141     1.582 r  U_FILTER_APPLY/U_BLUE/o_rgb_reg[4]/Q
                         net (fo=9, routed)           0.176     1.758    U_FILTER_APPLY/U_GRAY/s1_rgb_reg[11]_1[4]
    SLICE_X35Y34         CARRY4 (Prop_carry4_S[0]_O[1])
                                                      0.151     1.909 r  U_FILTER_APPLY/U_GRAY/s1_g_reg[4]_i_1/O[1]
                         net (fo=1, routed)           0.000     1.909    U_FILTER_APPLY/U_GRAY/s1_g_reg[4]_i_1_n_6
    SLICE_X35Y34         FDCE                                         r  U_FILTER_APPLY/U_GRAY/s1_g_reg[2]/D
  -------------------------------------------------------------------    -------------------

                         (clock sys_clk_pin rise edge)
                                                      0.000     0.000 r  
    W5                                                0.000     0.000 r  clk (IN)
                         net (fo=0)                   0.000     0.000    clk
    W5                   IBUF (Prop_ibuf_I_O)         0.414     0.414 r  clk_IBUF_inst/O
                         net (fo=1, routed)           0.685     1.099    clk_IBUF
    BUFGCTRL_X0Y0        BUFG (Prop_bufg_I_O)         0.029     1.128 r  clk_IBUF_BUFG_inst/O
                         net (fo=6410, routed)        0.825     1.952    U_FILTER_APPLY/U_GRAY/clk_IBUF_BUFG
    SLICE_X35Y34         FDCE                                         r  U_FILTER_APPLY/U_GRAY/s1_g_reg[2]/C
                         clock pessimism             -0.249     1.703    
    SLICE_X35Y34         FDCE (Hold_fdce_C_D)         0.105     1.808    U_FILTER_APPLY/U_GRAY/s1_g_reg[2]
  -------------------------------------------------------------------
                         required time                         -1.808    
                         arrival time                           1.909    
  -------------------------------------------------------------------
                         slack                                  0.101    

Slack (MET) :             0.101ns  (arrival time - required time)
  Source:                 U_GAUSS_FILTER/r3_c4_reg[2]/C
                            (rising edge-triggered cell FDCE clocked by sys_clk_pin  {rise@0.000ns fall@5.000ns period=10.000ns})
  Destination:            U_GAUSS_FILTER/line_buf4_reg[36][2]_srl32_line_buf4_reg_c_30/D
                            (rising edge-triggered cell SRLC32E clocked by sys_clk_pin  {rise@0.000ns fall@5.000ns period=10.000ns})
  Path Group:             sys_clk_pin
  Path Type:              Hold (Min at Fast Process Corner)
  Requirement:            0.000ns  (sys_clk_pin rise@0.000ns - sys_clk_pin rise@0.000ns)
  Data Path Delay:        0.231ns  (logic 0.141ns (60.959%)  route 0.090ns (39.041%))
  Logic Levels:           0  
  Clock Path Skew:        0.013ns (DCD - SCD - CPR)
    Destination Clock Delay (DCD):    1.964ns
    Source Clock Delay      (SCD):    1.450ns
    Clock Pessimism Removal (CPR):    0.501ns

    Location             Delay type                Incr(ns)  Path(ns)    Netlist Resource(s)
  -------------------------------------------------------------------    -------------------
                         (clock sys_clk_pin rise edge)
                                                      0.000     0.000 r  
    W5                                                0.000     0.000 r  clk (IN)
                         net (fo=0)                   0.000     0.000    clk
    W5                   IBUF (Prop_ibuf_I_O)         0.226     0.226 r  clk_IBUF_inst/O
                         net (fo=1, routed)           0.631     0.858    clk_IBUF
    BUFGCTRL_X0Y0        BUFG (Prop_bufg_I_O)         0.026     0.884 r  clk_IBUF_BUFG_inst/O
                         net (fo=6410, routed)        0.567     1.450    U_GAUSS_FILTER/clk_IBUF_BUFG
    SLICE_X13Y47         FDCE                                         r  U_GAUSS_FILTER/r3_c4_reg[2]/C
  -------------------------------------------------------------------    -------------------
    SLICE_X13Y47         FDCE (Prop_fdce_C_Q)         0.141     1.591 r  U_GAUSS_FILTER/r3_c4_reg[2]/Q
                         net (fo=6, routed)           0.090     1.681    U_GAUSS_FILTER/r3_c4_reg_n_0_[2]
    SLICE_X12Y47         SRLC32E                                      r  U_GAUSS_FILTER/line_buf4_reg[36][2]_srl32_line_buf4_reg_c_30/D
  -------------------------------------------------------------------    -------------------

                         (clock sys_clk_pin rise edge)
                                                      0.000     0.000 r  
    W5                                                0.000     0.000 r  clk (IN)
                         net (fo=0)                   0.000     0.000    clk
    W5                   IBUF (Prop_ibuf_I_O)         0.414     0.414 r  clk_IBUF_inst/O
                         net (fo=1, routed)           0.685     1.099    clk_IBUF
    BUFGCTRL_X0Y0        BUFG (Prop_bufg_I_O)         0.029     1.128 r  clk_IBUF_BUFG_inst/O
                         net (fo=6410, routed)        0.837     1.964    U_GAUSS_FILTER/clk_IBUF_BUFG
    SLICE_X12Y47         SRLC32E                                      r  U_GAUSS_FILTER/line_buf4_reg[36][2]_srl32_line_buf4_reg_c_30/CLK
                         clock pessimism             -0.501     1.463    
    SLICE_X12Y47         SRLC32E (Hold_srlc32e_CLK_D)
                                                      0.117     1.580    U_GAUSS_FILTER/line_buf4_reg[36][2]_srl32_line_buf4_reg_c_30
  -------------------------------------------------------------------
                         required time                         -1.580    
                         arrival time                           1.681    
  -------------------------------------------------------------------
                         slack                                  0.101    





Pulse Width Checks
--------------------------------------------------------------------------------------
Clock Name:         sys_clk_pin
Waveform(ns):       { 0.000 5.000 }
Period(ns):         10.000
Sources:            { clk }

Check Type        Corner  Lib Pin             Reference Pin  Required(ns)  Actual(ns)  Slack(ns)  Location      Pin
Min Period        n/a     RAMB36E1/CLKBWRCLK  n/a            2.892         10.000      7.108      RAMB36_X2Y4   U_VGA_CAM/U_FRAMEBUFFER/mem_reg_0_14/CLKBWRCLK
Min Period        n/a     RAMB36E1/CLKBWRCLK  n/a            2.892         10.000      7.108      RAMB36_X0Y0   U_VGA_CAM/U_FRAMEBUFFER/mem_reg_0_4/CLKBWRCLK
Min Period        n/a     RAMB36E1/CLKBWRCLK  n/a            2.892         10.000      7.108      RAMB36_X1Y1   U_VGA_CAM/U_FRAMEBUFFER/mem_reg_1_1/CLKBWRCLK
Min Period        n/a     RAMB36E1/CLKBWRCLK  n/a            2.892         10.000      7.108      RAMB36_X0Y7   U_VGA_CAM/U_FRAMEBUFFER/mem_reg_1_2/CLKBWRCLK
Min Period        n/a     RAMB36E1/CLKBWRCLK  n/a            2.892         10.000      7.108      RAMB36_X0Y1   U_VGA_CAM/U_FRAMEBUFFER/mem_reg_1_4/CLKBWRCLK
Min Period        n/a     RAMB36E1/CLKBWRCLK  n/a            2.892         10.000      7.108      RAMB36_X1Y15  U_VGA_CAM/U_FRAMEBUFFER/mem_reg_1_8/CLKBWRCLK
Min Period        n/a     RAMB36E1/CLKBWRCLK  n/a            2.892         10.000      7.108      RAMB36_X1Y2   U_VGA_CAM/U_FRAMEBUFFER/mem_reg_0_15/CLKBWRCLK
Min Period        n/a     RAMB36E1/CLKBWRCLK  n/a            2.892         10.000      7.108      RAMB36_X1Y10  U_VGA_CAM/U_FRAMEBUFFER/mem_reg_0_7/CLKBWRCLK
Min Period        n/a     RAMB36E1/CLKBWRCLK  n/a            2.892         10.000      7.108      RAMB36_X2Y12  U_VGA_CAM/U_FRAMEBUFFER/mem_reg_1_10/CLKBWRCLK
Min Period        n/a     RAMB36E1/CLKBWRCLK  n/a            2.892         10.000      7.108      RAMB36_X2Y1   U_VGA_CAM/U_FRAMEBUFFER/mem_reg_1_13/CLKBWRCLK
Low Pulse Width   Slow    SRLC32E/CLK         n/a            0.980         5.000       4.020      SLICE_X14Y38  U_GAUSS_FILTER/line_buf1_reg[798][2]_srl29_U_GAUSS_FILTER_line_buf4_reg_c_59_c/CLK
Low Pulse Width   Slow    SRLC32E/CLK         n/a            0.980         5.000       4.020      SLICE_X14Y38  U_GAUSS_FILTER/line_buf1_reg[798][3]_srl29_U_GAUSS_FILTER_line_buf4_reg_c_59_c/CLK
Low Pulse Width   Slow    SRLC32E/CLK         n/a            0.980         5.000       4.020      SLICE_X10Y35  U_GAUSS_FILTER/line_buf4_reg[772][1]_srl32_line_buf4_reg_c_766/CLK
Low Pulse Width   Slow    SRLC32E/CLK         n/a            0.980         5.000       4.020      SLICE_X12Y14  U_GAUSS_FILTER/line_buf4_reg[772][4]_srl32_line_buf4_reg_c_766/CLK
Low Pulse Width   Slow    SRLC32E/CLK         n/a            0.980         5.000       4.020      SLICE_X14Y13  U_GAUSS_FILTER/line_buf4_reg[772][5]_srl32_line_buf4_reg_c_766/CLK
Low Pulse Width   Slow    SRLC32E/CLK         n/a            0.980         5.000       4.020      SLICE_X10Y35  U_GAUSS_FILTER/line_buf4_reg[798][1]_srl26_line_buf4_reg_c_792/CLK
Low Pulse Width   Slow    SRLC32E/CLK         n/a            0.980         5.000       4.020      SLICE_X12Y14  U_GAUSS_FILTER/line_buf4_reg[798][4]_srl26_line_buf4_reg_c_792/CLK
Low Pulse Width   Slow    SRLC32E/CLK         n/a            0.980         5.000       4.020      SLICE_X14Y13  U_GAUSS_FILTER/line_buf4_reg[798][5]_srl26_line_buf4_reg_c_792/CLK
Low Pulse Width   Slow    SRLC32E/CLK         n/a            0.980         5.000       4.020      SLICE_X10Y36  U_GAUSS_FILTER/line_buf2_reg[100][3]_srl32_U_GAUSS_FILTER_line_buf2_reg_c_4094/CLK
Low Pulse Width   Slow    SRLC32E/CLK         n/a            0.980         5.000       4.020      SLICE_X8Y11   U_GAUSS_FILTER/line_buf2_reg[100][4]_srl32_U_GAUSS_FILTER_line_buf2_reg_c_4094/CLK
High Pulse Width  Slow    SRLC32E/CLK         n/a            0.980         5.000       4.020      SLICE_X12Y46  U_GAUSS_FILTER/line_buf4_reg[772][2]_srl32_line_buf4_reg_c_766/CLK
High Pulse Width  Slow    SRLC32E/CLK         n/a            0.980         5.000       4.020      SLICE_X10Y19  U_GAUSS_FILTER/line_buf4_reg[772][7]_srl32_line_buf4_reg_c_766/CLK
High Pulse Width  Slow    SRLC32E/CLK         n/a            0.980         5.000       4.020      SLICE_X42Y16  U_GAUSS_FILTER/line_buf4_reg[772][8]_srl32_line_buf4_reg_c_766/CLK
High Pulse Width  Slow    SRLC32E/CLK         n/a            0.980         5.000       4.020      SLICE_X12Y46  U_GAUSS_FILTER/line_buf4_reg[798][2]_srl26_line_buf4_reg_c_792/CLK
High Pulse Width  Slow    SRL16E/CLK          n/a            0.980         5.000       4.020      SLICE_X10Y31  U_GAUSS_FILTER/line_buf1_reg[7][0]_srl3_U_GAUSS_FILTER_line_buf4_reg_c_1_c/CLK
High Pulse Width  Slow    SRL16E/CLK          n/a            0.980         5.000       4.020      SLICE_X10Y31  U_GAUSS_FILTER/line_buf1_reg[7][1]_srl3_U_GAUSS_FILTER_line_buf4_reg_c_1_c/CLK
High Pulse Width  Slow    SRL16E/CLK          n/a            0.980         5.000       4.020      SLICE_X10Y31  U_GAUSS_FILTER/line_buf1_reg[7][2]_srl3_U_GAUSS_FILTER_line_buf4_reg_c_1_c/CLK
High Pulse Width  Slow    SRL16E/CLK          n/a            0.980         5.000       4.020      SLICE_X10Y31  U_GAUSS_FILTER/line_buf1_reg[7][3]_srl3_U_GAUSS_FILTER_line_buf4_reg_c_1_c/CLK
High Pulse Width  Slow    SRL16E/CLK          n/a            0.980         5.000       4.020      SLICE_X10Y31  U_GAUSS_FILTER/line_buf1_reg[7][4]_srl3_U_GAUSS_FILTER_line_buf4_reg_c_1_c/CLK
High Pulse Width  Slow    SRL16E/CLK          n/a            0.980         5.000       4.020      SLICE_X10Y31  U_GAUSS_FILTER/line_buf1_reg[7][5]_srl3_U_GAUSS_FILTER_line_buf4_reg_c_1_c/CLK



